[
  {
    "model": "contenttypes.contenttype",
    "pk": 1,
    "fields": {
      "app_label": "admin",
      "model": "logentry"
    }
  },
  {
    "model": "contenttypes.contenttype",
    "pk": 2,
    "fields": {
      "app_label": "auth",
      "model": "permission"
    }
  },
  {
    "model": "contenttypes.contenttype",
    "pk": 3,
    "fields": {
      "app_label": "auth",
      "model": "group"
    }
  },
  {
    "model": "contenttypes.contenttype",
    "pk": 4,
    "fields": {
      "app_label": "auth",
      "model": "user"
    }
  },
  {
    "model": "contenttypes.contenttype",
    "pk": 5,
    "fields": {
      "app_label": "contenttypes",
      "model": "contenttype"
    }
  },
  {
    "model": "contenttypes.contenttype",
    "pk": 6,
    "fields": {
      "app_label": "sessions",
      "model": "session"
    }
  },
  {
    "model": "contenttypes.contenttype",
    "pk": 7,
    "fields": {
      "app_label": "students",
      "model": "student"
    }
  },
  {
    "model": "contenttypes.contenttype",
    "pk": 8,
    "fields": {
      "app_label": "students",
      "model": "group"
    }
  },
  {
    "model": "contenttypes.contenttype",
    "pk": 9,
    "fields": {
      "app_label": "teachers",
      "model": "teacher"
    }
  },
  {
    "model": "sessions.session",
    "pk": "qnmsjr2lw0w8r6dhj1ufl0ow27n7xa0l",
    "fields": {
      "session_data": "ODQyYjk3ZmE4OTQ0MjZiOTE5YWQ5OTkzM2FlNWExMjhlMzdlMzdlMTp7Il9hdXRoX3VzZXJfaWQiOiIyIiwiX2F1dGhfdXNlcl9iYWNrZW5kIjoiZGphbmdvLmNvbnRyaWIuYXV0aC5iYWNrZW5kcy5Nb2RlbEJhY2tlbmQiLCJfYXV0aF91c2VyX2hhc2giOiI5NmNmNTNmNjI5NzhlZmJmZWNhMzdhNjQwZTdiOWE3YmI0MzFlZmYyIn0=",
      "expire_date": "2020-02-06T18:38:43.191Z"
    }
  },
  {
    "model": "sessions.session",
    "pk": "zcrvjsvqfjukjewek2sjr8odjp7dnb4b",
    "fields": {
      "session_data": "NTQ1NWE2M2Y3ZTYzNzdjZWZlMjBhZGZmYWE0NDFlMGM4MjUyMDJiZTp7Il9hdXRoX3VzZXJfaWQiOiIxIiwiX2F1dGhfdXNlcl9iYWNrZW5kIjoiZGphbmdvLmNvbnRyaWIuYXV0aC5iYWNrZW5kcy5Nb2RlbEJhY2tlbmQiLCJfYXV0aF91c2VyX2hhc2giOiIzZjZmN2ZiMTU4ZmU0YjhmZDJmZmM4YWY2NzQ4Njg1YWRlMmY0YjM5In0=",
      "expire_date": "2020-02-09T11:11:53.203Z"
    }
  },
  {
    "model": "students.student",
    "pk": 2110,
    "fields": {
      "first_name": "Kro",
      "last_name": "Bro",
      "birth_date": "2020-01-29",
      "email": "brokro@gmail.com",
      "telephone": "123213123",
      "address": "fdsfdsgfdsfds",
      "group": 223
    }
  },
  {
    "model": "students.student",
    "pk": 2111,
    "fields": {
      "first_name": "Catherine",
      "last_name": "Gates",
      "birth_date": "2020-01-29",
      "email": "timothyroberts@yahoo.com",
      "telephone": "2270855571",
      "address": "Unit 9354 Box 0972DPO AA 21814",
      "group": 223
    }
  },
  {
    "model": "students.student",
    "pk": 2112,
    "fields": {
      "first_name": "Amy",
      "last_name": "Mcintyre",
      "birth_date": "2020-01-29",
      "email": "gregory45@ayala.net",
      "telephone": "119442212660362",
      "address": "5631 Carr Trafficway Suite 172\nDonaldborough, TX 42867",
      "group": 223
    }
  },
  {
    "model": "students.student",
    "pk": 2113,
    "fields": {
      "first_name": "Joshua",
      "last_name": "Johnson",
      "birth_date": "2020-01-29",
      "email": "ljordan@yahoo.com",
      "telephone": "3844758427465",
      "address": "851 Simpson Branch Suite 480\nLake Robertborough, SC 09738",
      "group": 223
    }
  },
  {
    "model": "students.student",
    "pk": 2114,
    "fields": {
      "first_name": "David",
      "last_name": "Hayes",
      "birth_date": "2020-01-29",
      "email": "danielle13@ramirez.com",
      "telephone": "13216811459",
      "address": "405 Novak Heights\nLake Joseph, MS 36088",
      "group": 223
    }
  },
  {
    "model": "students.student",
    "pk": 2115,
    "fields": {
      "first_name": "Linda",
      "last_name": "Cross",
      "birth_date": "2020-01-29",
      "email": "carolwade@yahoo.com",
      "telephone": "0018288889473",
      "address": "8566 Grant Street\nPruittfurt, WY 81366",
      "group": 223
    }
  },
  {
    "model": "students.student",
    "pk": 2116,
    "fields": {
      "first_name": "Nicole",
      "last_name": "Bentley",
      "birth_date": "2020-01-29",
      "email": "ghutchinson@hotmail.com",
      "telephone": "1066421917",
      "address": "7203 Andrea Estate\nEast Saraburgh, FL 63034",
      "group": 223
    }
  },
  {
    "model": "students.student",
    "pk": 2117,
    "fields": {
      "first_name": "Robert",
      "last_name": "Nixon",
      "birth_date": "2020-01-29",
      "email": "christopher50@gmail.com",
      "telephone": "1530308697186294",
      "address": "2682 Emily Underpass Apt. 289\nNew Caitlyn, OK 89045",
      "group": 223
    }
  },
  {
    "model": "students.student",
    "pk": 2118,
    "fields": {
      "first_name": "Mathew",
      "last_name": "White",
      "birth_date": "2020-01-29",
      "email": "bnguyen@yahoo.com",
      "telephone": "2576688484641",
      "address": "49086 Dylan Locks\nAlvarezburgh, IA 50104",
      "group": 223
    }
  },
  {
    "model": "students.student",
    "pk": 2119,
    "fields": {
      "first_name": "John",
      "last_name": "Lawson",
      "birth_date": "2020-01-29",
      "email": "khoward@mckinney.com",
      "telephone": "2980123515",
      "address": "USCGC Wilson\nFPO AA 14614",
      "group": 223
    }
  },
  {
    "model": "students.student",
    "pk": 2120,
    "fields": {
      "first_name": "Todd",
      "last_name": "Gomez",
      "birth_date": "2020-01-29",
      "email": "sanderssteven@jones.net",
      "telephone": "5732155698",
      "address": "932 Ricardo Views Suite 359\nPort Amanda, TX 16356",
      "group": 223
    }
  },
  {
    "model": "students.student",
    "pk": 2121,
    "fields": {
      "first_name": "Andrew",
      "last_name": "Duran",
      "birth_date": "2020-01-29",
      "email": "lbridges@yahoo.com",
      "telephone": "6544602243",
      "address": "7610 Torres Islands Apt. 022\nSouth Joann, IL 60816",
      "group": 223
    }
  },
  {
    "model": "students.student",
    "pk": 2122,
    "fields": {
      "first_name": "Frank",
      "last_name": "Ward",
      "birth_date": "2020-01-29",
      "email": "jerome14@waters-doyle.com",
      "telephone": "9045720435",
      "address": "62373 Osborne Loop\nWest Andrew, MS 52010",
      "group": 223
    }
  },
  {
    "model": "students.student",
    "pk": 2123,
    "fields": {
      "first_name": "Marc",
      "last_name": "Khan",
      "birth_date": "2020-01-29",
      "email": "racheledwards@gmail.com",
      "telephone": "9257906110027",
      "address": "792 Dunn Glen\nSouth Kimberlyton, OH 01383",
      "group": 223
    }
  },
  {
    "model": "students.student",
    "pk": 2124,
    "fields": {
      "first_name": "Kristin",
      "last_name": "Williams",
      "birth_date": "2020-01-29",
      "email": "lnovak@gmail.com",
      "telephone": "0018838904000",
      "address": "812 Michelle Summit Apt. 672\nPort Pamelastad, NH 40963",
      "group": 223
    }
  },
  {
    "model": "students.student",
    "pk": 2125,
    "fields": {
      "first_name": "Edward",
      "last_name": "Cole",
      "birth_date": "2020-01-29",
      "email": "efitzgerald@pena-welch.com",
      "telephone": "001806054748136232",
      "address": "262 Eric Point\nNguyenstad, CT 45898",
      "group": 223
    }
  },
  {
    "model": "students.student",
    "pk": 2126,
    "fields": {
      "first_name": "Anne",
      "last_name": "Gutierrez",
      "birth_date": "2020-01-29",
      "email": "mary05@thomas-harris.com",
      "telephone": "001626031635041594",
      "address": "2552 Morales Parkway Apt. 782\nNew Sandra, AL 23776",
      "group": 223
    }
  },
  {
    "model": "students.student",
    "pk": 2127,
    "fields": {
      "first_name": "Timothy",
      "last_name": "Kelly",
      "birth_date": "2020-01-29",
      "email": "tiffanyli@walton.com",
      "telephone": "5429502968",
      "address": "588 Riley Tunnel\nDebraville, WA 10850",
      "group": 223
    }
  },
  {
    "model": "students.student",
    "pk": 2128,
    "fields": {
      "first_name": "Shannon",
      "last_name": "Flores",
      "birth_date": "2020-01-29",
      "email": "adam03@nichols-chung.com",
      "telephone": "147647681167561",
      "address": "USCGC Jones\nFPO AP 22629",
      "group": 223
    }
  },
  {
    "model": "students.student",
    "pk": 2129,
    "fields": {
      "first_name": "Todd",
      "last_name": "Oconnor",
      "birth_date": "2020-01-29",
      "email": "paige50@wright.com",
      "telephone": "97520592754845",
      "address": "29488 Jensen Villages\nJoburgh, AZ 37230",
      "group": 223
    }
  },
  {
    "model": "students.student",
    "pk": 2130,
    "fields": {
      "first_name": "Amanda",
      "last_name": "Bennett",
      "birth_date": "2020-01-29",
      "email": "michael96@gmail.com",
      "telephone": "15210463727833",
      "address": "8652 Armstrong Squares\nNorth Arielstad, DC 51158",
      "group": 223
    }
  },
  {
    "model": "students.student",
    "pk": 2131,
    "fields": {
      "first_name": "Sarah",
      "last_name": "Garcia",
      "birth_date": "2020-01-29",
      "email": "rachaellewis@whitaker-powell.biz",
      "telephone": "9877066691688",
      "address": "9655 Wolf Mountains Suite 049\nSamanthamouth, VA 06927",
      "group": 223
    }
  },
  {
    "model": "students.student",
    "pk": 2132,
    "fields": {
      "first_name": "Stephanie",
      "last_name": "Rogers",
      "birth_date": "2020-01-29",
      "email": "kristenmoore@yahoo.com",
      "telephone": "771714214684691",
      "address": "PSC 6704, Box 6018\nAPO AP 87788",
      "group": 223
    }
  },
  {
    "model": "students.student",
    "pk": 2133,
    "fields": {
      "first_name": "Amy",
      "last_name": "Schultz",
      "birth_date": "2020-01-29",
      "email": "donaldwu@white.com",
      "telephone": "1073779469",
      "address": "9274 Heather Camp Apt. 122\nLake Rebecca, MO 64273",
      "group": 223
    }
  },
  {
    "model": "students.student",
    "pk": 2134,
    "fields": {
      "first_name": "Suzanne",
      "last_name": "Campbell",
      "birth_date": "2020-01-29",
      "email": "paul91@mcpherson.net",
      "telephone": "0336264988",
      "address": "7382 Reed Tunnel\nWest Ashleybury, MS 88536",
      "group": 223
    }
  },
  {
    "model": "students.student",
    "pk": 2135,
    "fields": {
      "first_name": "Bobby",
      "last_name": "Pearson",
      "birth_date": "2020-01-29",
      "email": "michael20@rodriguez.org",
      "telephone": "5898603181",
      "address": "164 Krystal Ford\nLake Jenniferhaven, NH 72873",
      "group": 223
    }
  },
  {
    "model": "students.student",
    "pk": 2136,
    "fields": {
      "first_name": "Brandon",
      "last_name": "Douglas",
      "birth_date": "2020-01-29",
      "email": "angelafisher@yahoo.com",
      "telephone": "7914211147",
      "address": "3218 Sheri Plaza Apt. 633\nParkerport, NC 68383",
      "group": 223
    }
  },
  {
    "model": "students.student",
    "pk": 2137,
    "fields": {
      "first_name": "Phillip",
      "last_name": "Anderson",
      "birth_date": "2020-01-29",
      "email": "steve30@gmail.com",
      "telephone": "13396396103",
      "address": "679 Richard Track Suite 378\nSouth Jasonberg, NC 96052",
      "group": 223
    }
  },
  {
    "model": "students.student",
    "pk": 2138,
    "fields": {
      "first_name": "Natalie",
      "last_name": "Garcia",
      "birth_date": "2020-01-29",
      "email": "ejohnson@yahoo.com",
      "telephone": "9212413518",
      "address": "719 David Mission\nEast Jenna, KY 51798",
      "group": 223
    }
  },
  {
    "model": "students.student",
    "pk": 2139,
    "fields": {
      "first_name": "Tiffany",
      "last_name": "Kelley",
      "birth_date": "2020-01-29",
      "email": "heathercastillo@hotmail.com",
      "telephone": "7575648475",
      "address": "0050 Shawn Crest Suite 438\nMichaelfurt, RI 72571",
      "group": 223
    }
  },
  {
    "model": "students.student",
    "pk": 2140,
    "fields": {
      "first_name": "Lisa",
      "last_name": "Lopez",
      "birth_date": "2020-01-29",
      "email": "qjohnson@cruz.com",
      "telephone": "001614882976946164",
      "address": "USS Young\nFPO AE 62100",
      "group": 223
    }
  },
  {
    "model": "students.student",
    "pk": 2141,
    "fields": {
      "first_name": "Renee",
      "last_name": "Briggs",
      "birth_date": "2020-01-29",
      "email": "austinbradford@wilson-berry.net",
      "telephone": "00101522820833158",
      "address": "USS Johnson\nFPO AP 76012",
      "group": 223
    }
  },
  {
    "model": "students.student",
    "pk": 2142,
    "fields": {
      "first_name": "Richard",
      "last_name": "Gray",
      "birth_date": "2020-01-29",
      "email": "brandy16@hotmail.com",
      "telephone": "4294403587",
      "address": "PSC 5306, Box 0722\nAPO AA 62412",
      "group": 223
    }
  },
  {
    "model": "students.student",
    "pk": 2143,
    "fields": {
      "first_name": "Jon",
      "last_name": "Shea",
      "birth_date": "2020-01-29",
      "email": "larry18@gmail.com",
      "telephone": "001190126666178073",
      "address": "7133 Amy Trail Apt. 473\nWest Haroldbury, IN 16791",
      "group": 223
    }
  },
  {
    "model": "students.student",
    "pk": 2144,
    "fields": {
      "first_name": "Louis",
      "last_name": "Luna",
      "birth_date": "2020-01-29",
      "email": "hshelton@hotmail.com",
      "telephone": "0013108234191491",
      "address": "659 Ferguson Lake\nRobertsport, WI 69677",
      "group": 223
    }
  },
  {
    "model": "students.student",
    "pk": 2145,
    "fields": {
      "first_name": "Marvin",
      "last_name": "Cooper",
      "birth_date": "2020-01-29",
      "email": "xhuang@yahoo.com",
      "telephone": "6315449035468",
      "address": "Unit 1312 Box 3044\nDPO AE 16221",
      "group": 223
    }
  },
  {
    "model": "students.student",
    "pk": 2146,
    "fields": {
      "first_name": "Aaron",
      "last_name": "Martinez",
      "birth_date": "2020-01-29",
      "email": "baxtertodd@jackson.com",
      "telephone": "7096302106501",
      "address": "20145 Campos River\nSouth Gregory, MS 50979",
      "group": 223
    }
  },
  {
    "model": "students.student",
    "pk": 2147,
    "fields": {
      "first_name": "John",
      "last_name": "Love",
      "birth_date": "2020-01-29",
      "email": "john02@hotmail.com",
      "telephone": "2690090581",
      "address": "USNS Taylor\nFPO AE 78628",
      "group": 223
    }
  },
  {
    "model": "students.student",
    "pk": 2148,
    "fields": {
      "first_name": "Elizabeth",
      "last_name": "Harrison",
      "birth_date": "2020-01-29",
      "email": "robinsonalyssa@myers.com",
      "telephone": "6329537483",
      "address": "1826 Reid Rapid\nMoorebury, UT 26657",
      "group": 223
    }
  },
  {
    "model": "students.student",
    "pk": 2149,
    "fields": {
      "first_name": "Elizabeth",
      "last_name": "Knapp",
      "birth_date": "2020-01-29",
      "email": "reevesmonique@gmail.com",
      "telephone": "1190699544320478",
      "address": "403 Pamela Island\nWest Wendy, TX 25130",
      "group": 223
    }
  },
  {
    "model": "students.student",
    "pk": 2150,
    "fields": {
      "first_name": "Tyler",
      "last_name": "Cox",
      "birth_date": "2020-01-29",
      "email": "zmartin@hotmail.com",
      "telephone": "123649258058259",
      "address": "460 Brown Bypass Apt. 284\nNew Michelle, RI 49491",
      "group": 223
    }
  },
  {
    "model": "students.student",
    "pk": 2151,
    "fields": {
      "first_name": "Maria",
      "last_name": "Mooney",
      "birth_date": "2020-01-29",
      "email": "gmitchell@yahoo.com",
      "telephone": "91404786832392",
      "address": "6086 Kristin Bypass\nRachelfort, MA 74249",
      "group": 223
    }
  },
  {
    "model": "students.student",
    "pk": 2152,
    "fields": {
      "first_name": "Gina",
      "last_name": "Nelson",
      "birth_date": "2020-01-29",
      "email": "cferrell@yahoo.com",
      "telephone": "115576680564117",
      "address": "76916 Edward Isle\nThomasburgh, DC 61830",
      "group": 223
    }
  },
  {
    "model": "students.student",
    "pk": 2153,
    "fields": {
      "first_name": "Wendy",
      "last_name": "Hale",
      "birth_date": "2020-01-29",
      "email": "rjohnson@yahoo.com",
      "telephone": "2820119373",
      "address": "158 Holly Prairie Suite 497\nRussellmouth, LA 31140",
      "group": 223
    }
  },
  {
    "model": "students.student",
    "pk": 2154,
    "fields": {
      "first_name": "Jonathan",
      "last_name": "Pitts",
      "birth_date": "2020-01-29",
      "email": "johnsonjacqueline@fisher.com",
      "telephone": "4641526933",
      "address": "0077 Patterson Circles Suite 438\nLouisfurt, VT 13354",
      "group": 223
    }
  },
  {
    "model": "students.student",
    "pk": 2155,
    "fields": {
      "first_name": "Melissa",
      "last_name": "Brooks",
      "birth_date": "2020-01-29",
      "email": "scotttoni@phelps.org",
      "telephone": "30524424958844",
      "address": "54852 Garcia Orchard\nPort Samanthachester, IA 41203",
      "group": 223
    }
  },
  {
    "model": "students.student",
    "pk": 2156,
    "fields": {
      "first_name": "Alexander",
      "last_name": "Flynn",
      "birth_date": "2020-01-29",
      "email": "tina96@lopez.com",
      "telephone": "622998931101622",
      "address": "9718 Gary Drive\nJameschester, MD 43215",
      "group": 223
    }
  },
  {
    "model": "students.student",
    "pk": 2157,
    "fields": {
      "first_name": "Jennifer",
      "last_name": "Frye",
      "birth_date": "2020-01-29",
      "email": "stephaniethomas@yahoo.com",
      "telephone": "03750101678225",
      "address": "6517 Bryan Extensions Suite 787\nNorth Bethville, PA 37140",
      "group": 223
    }
  },
  {
    "model": "students.student",
    "pk": 2158,
    "fields": {
      "first_name": "Ronald",
      "last_name": "Best",
      "birth_date": "2020-01-29",
      "email": "heather66@martinez-rivera.com",
      "telephone": "199000264791656",
      "address": "USNV Reese\nFPO AA 58705",
      "group": 223
    }
  },
  {
    "model": "students.student",
    "pk": 2159,
    "fields": {
      "first_name": "Kelly",
      "last_name": "Nichols",
      "birth_date": "2020-01-29",
      "email": "elizabethchavez@hill-brewer.org",
      "telephone": "6536711922",
      "address": "747 Summers Falls Apt. 755\nWilliamsville, KS 13505",
      "group": 223
    }
  },
  {
    "model": "students.student",
    "pk": 2160,
    "fields": {
      "first_name": "Lawrence",
      "last_name": "Lawrence",
      "birth_date": "2020-01-29",
      "email": "jerry72@yahoo.com",
      "telephone": "19129620968795",
      "address": "58914 Evans Green\nClarkberg, KY 89650",
      "group": 223
    }
  },
  {
    "model": "students.student",
    "pk": 2161,
    "fields": {
      "first_name": "Richard",
      "last_name": "Roberts",
      "birth_date": "2020-01-29",
      "email": "odavis@donaldson.com",
      "telephone": "3985962131",
      "address": "3096 Bullock Vista\nThomastown, MT 36138",
      "group": 223
    }
  },
  {
    "model": "students.student",
    "pk": 2162,
    "fields": {
      "first_name": "Larry",
      "last_name": "Schaefer",
      "birth_date": "2020-01-29",
      "email": "kevin95@yahoo.com",
      "telephone": "001444227657980497",
      "address": "10881 Kimberly Court\nMillerport, DC 43811",
      "group": 223
    }
  },
  {
    "model": "students.student",
    "pk": 2163,
    "fields": {
      "first_name": "Amanda",
      "last_name": "Bailey",
      "birth_date": "2020-01-29",
      "email": "wallaceemily@perry.org",
      "telephone": "19292485674",
      "address": "53275 Patrick Green\nJacobland, WV 71494",
      "group": 223
    }
  },
  {
    "model": "students.student",
    "pk": 2164,
    "fields": {
      "first_name": "Kimberly",
      "last_name": "Baker",
      "birth_date": "2020-01-29",
      "email": "lindaking@yahoo.com",
      "telephone": "6620728750",
      "address": "1140 Martin Lodge\nCharlesport, GA 61628",
      "group": 223
    }
  },
  {
    "model": "students.student",
    "pk": 2165,
    "fields": {
      "first_name": "Christine",
      "last_name": "White",
      "birth_date": "2020-01-29",
      "email": "jmcintyre@miller-perry.com",
      "telephone": "61307760408486",
      "address": "793 Justin Village\nNorth Catherineville, CA 41957",
      "group": 223
    }
  },
  {
    "model": "students.student",
    "pk": 2166,
    "fields": {
      "first_name": "Connie",
      "last_name": "Chambers",
      "birth_date": "2020-01-29",
      "email": "john05@yahoo.com",
      "telephone": "323005562975828",
      "address": "0874 Bobby Fort\nSmithport, WA 15187",
      "group": 223
    }
  },
  {
    "model": "students.student",
    "pk": 2167,
    "fields": {
      "first_name": "Matthew",
      "last_name": "Austin",
      "birth_date": "2020-01-29",
      "email": "patrick56@hotmail.com",
      "telephone": "1288683300993",
      "address": "86168 Taylor Place Apt. 105\nEast Ronald, SC 20793",
      "group": 223
    }
  },
  {
    "model": "students.student",
    "pk": 2168,
    "fields": {
      "first_name": "Jennifer",
      "last_name": "Harris",
      "birth_date": "2020-01-29",
      "email": "youngalexis@robertson.com",
      "telephone": "9052705034",
      "address": "15059 Zimmerman Trace Apt. 413\nWilliammouth, IN 26337",
      "group": 223
    }
  },
  {
    "model": "students.student",
    "pk": 2169,
    "fields": {
      "first_name": "Tabitha",
      "last_name": "Taylor",
      "birth_date": "2020-01-29",
      "email": "tburke@schwartz.com",
      "telephone": "997410459546909",
      "address": "0446 William Valley\nNorth Matthewburgh, NY 72466",
      "group": 223
    }
  },
  {
    "model": "students.student",
    "pk": 2170,
    "fields": {
      "first_name": "Don",
      "last_name": "Rodriguez",
      "birth_date": "2020-01-29",
      "email": "phillip31@gmail.com",
      "telephone": "001179628714528756",
      "address": "720 Robert Locks Suite 128\nWest Alexberg, NM 08142",
      "group": 223
    }
  },
  {
    "model": "students.student",
    "pk": 2171,
    "fields": {
      "first_name": "Sharon",
      "last_name": "Fischer",
      "birth_date": "2020-01-29",
      "email": "david84@hotmail.com",
      "telephone": "538946086104726",
      "address": "1311 Alan Mall Apt. 722\nWest Michael, IL 79623",
      "group": 223
    }
  },
  {
    "model": "students.student",
    "pk": 2172,
    "fields": {
      "first_name": "Eric",
      "last_name": "Snow",
      "birth_date": "2020-01-29",
      "email": "jrichards@gmail.com",
      "telephone": "00130602569737442",
      "address": "843 Roy Squares\nEast Heather, ME 01864",
      "group": 223
    }
  },
  {
    "model": "students.student",
    "pk": 2173,
    "fields": {
      "first_name": "Ashley",
      "last_name": "Bass",
      "birth_date": "2020-01-29",
      "email": "reynoldswendy@lester.com",
      "telephone": "2265859862",
      "address": "172 Deanna Ranch Apt. 769\nSouth Thomastown, PA 45258",
      "group": 223
    }
  },
  {
    "model": "students.student",
    "pk": 2174,
    "fields": {
      "first_name": "Robert",
      "last_name": "Mason",
      "birth_date": "2020-01-29",
      "email": "owilson@hotmail.com",
      "telephone": "85209127323579",
      "address": "97076 Ryan Shoals\nNorth Johnborough, LA 27562",
      "group": 223
    }
  },
  {
    "model": "students.student",
    "pk": 2175,
    "fields": {
      "first_name": "Isabel",
      "last_name": "Shelton",
      "birth_date": "2020-01-29",
      "email": "rodriguezheather@hotmail.com",
      "telephone": "7167687159",
      "address": "563 Walter Junction\nWilliamsport, NC 07082",
      "group": 223
    }
  },
  {
    "model": "students.student",
    "pk": 2176,
    "fields": {
      "first_name": "John",
      "last_name": "Gallegos",
      "birth_date": "2020-01-29",
      "email": "pamelagarza@thompson-blevins.com",
      "telephone": "9331450948773",
      "address": "668 Mark Lakes\nNorth Angelaville, IL 28157",
      "group": 223
    }
  },
  {
    "model": "students.student",
    "pk": 2177,
    "fields": {
      "first_name": "Sergio",
      "last_name": "Hicks",
      "birth_date": "2020-01-29",
      "email": "thomasjennifer@lopez-horn.com",
      "telephone": "695861023575633",
      "address": "379 Tanner Ports\nNorth Debbieland, OK 79591",
      "group": 223
    }
  },
  {
    "model": "students.student",
    "pk": 2178,
    "fields": {
      "first_name": "Peter",
      "last_name": "Clarke",
      "birth_date": "2020-01-29",
      "email": "julia99@white-williams.com",
      "telephone": "1276364877",
      "address": "913 Schaefer Rue\nEast Logan, VA 11254",
      "group": 223
    }
  },
  {
    "model": "students.student",
    "pk": 2179,
    "fields": {
      "first_name": "Chris",
      "last_name": "Richards",
      "birth_date": "2020-01-29",
      "email": "dennis86@gmail.com",
      "telephone": "9016312818",
      "address": "3865 Holly Greens\nWest Jenniferburgh, TX 73400",
      "group": 223
    }
  },
  {
    "model": "students.student",
    "pk": 2180,
    "fields": {
      "first_name": "Paul",
      "last_name": "Pitts",
      "birth_date": "2020-01-29",
      "email": "helen67@gmail.com",
      "telephone": "0658344603",
      "address": "4042 Hancock Ranch\nSouth Kimberly, RI 20436",
      "group": 223
    }
  },
  {
    "model": "students.student",
    "pk": 2181,
    "fields": {
      "first_name": "Jennifer",
      "last_name": "Ross",
      "birth_date": "2020-01-29",
      "email": "dedwards@gmail.com",
      "telephone": "7475675845",
      "address": "739 Jimenez Course Apt. 546\nLake Jenniferview, ID 76641",
      "group": 223
    }
  },
  {
    "model": "students.student",
    "pk": 2182,
    "fields": {
      "first_name": "Allen",
      "last_name": "Blankenship",
      "birth_date": "2020-01-29",
      "email": "timothy69@pierce-shannon.com",
      "telephone": "6364538262",
      "address": "56433 Charles Mills Suite 535\nNorth Michael, NJ 43441",
      "group": 223
    }
  },
  {
    "model": "students.student",
    "pk": 2183,
    "fields": {
      "first_name": "Deborah",
      "last_name": "Johns",
      "birth_date": "2020-01-29",
      "email": "stevenhudson@harmon.net",
      "telephone": "7149826298488",
      "address": "258 Matthew Place Suite 552\nEast Brandon, SD 65136",
      "group": 223
    }
  },
  {
    "model": "students.student",
    "pk": 2184,
    "fields": {
      "first_name": "Katherine",
      "last_name": "Moore",
      "birth_date": "2020-01-29",
      "email": "rmartinez@richards.com",
      "telephone": "0010468037040",
      "address": "USNS Kelley\nFPO AP 01834",
      "group": 223
    }
  },
  {
    "model": "students.student",
    "pk": 2185,
    "fields": {
      "first_name": "Marcia",
      "last_name": "Walter",
      "birth_date": "2020-01-29",
      "email": "davisdevin@sims.com",
      "telephone": "3509105195",
      "address": "USNV Jordan\nFPO AE 35750",
      "group": 223
    }
  },
  {
    "model": "students.student",
    "pk": 2186,
    "fields": {
      "first_name": "Robert",
      "last_name": "Jennings",
      "birth_date": "2020-01-29",
      "email": "vfreeman@hawkins.org",
      "telephone": "052367192555298",
      "address": "3556 Tammy Falls\nPort Kimberlytown, VT 04260",
      "group": 223
    }
  },
  {
    "model": "students.student",
    "pk": 2187,
    "fields": {
      "first_name": "Raymond",
      "last_name": "Perry",
      "birth_date": "2020-01-29",
      "email": "emilydavis@gmail.com",
      "telephone": "198422295472554",
      "address": "2700 Rebecca Field Suite 134\nTimview, VA 37317",
      "group": 223
    }
  },
  {
    "model": "students.student",
    "pk": 2188,
    "fields": {
      "first_name": "Melissa",
      "last_name": "Burns",
      "birth_date": "2020-01-29",
      "email": "miguel06@graham.com",
      "telephone": "1105262074",
      "address": "11363 Kenneth Fort\nChristineberg, OK 76975",
      "group": 223
    }
  },
  {
    "model": "students.student",
    "pk": 2189,
    "fields": {
      "first_name": "Jeremiah",
      "last_name": "Frank",
      "birth_date": "2020-01-29",
      "email": "gallen@buck.com",
      "telephone": "7130245333",
      "address": "43775 Young Island\nWoodsborough, LA 74829",
      "group": 223
    }
  },
  {
    "model": "students.student",
    "pk": 2190,
    "fields": {
      "first_name": "Paul",
      "last_name": "Clark",
      "birth_date": "2020-01-29",
      "email": "hansenjonathan@gmail.com",
      "telephone": "0673794559",
      "address": "2132 Carol Court\nNorth Jacob, LA 65400",
      "group": 223
    }
  },
  {
    "model": "students.student",
    "pk": 2191,
    "fields": {
      "first_name": "Ashley",
      "last_name": "Ferguson",
      "birth_date": "2020-01-29",
      "email": "michelesullivan@hotmail.com",
      "telephone": "49011161438090",
      "address": "93467 Anna Drive Suite 879\nSouth Lindsey, IA 96981",
      "group": 223
    }
  },
  {
    "model": "students.student",
    "pk": 2192,
    "fields": {
      "first_name": "William",
      "last_name": "Wade",
      "birth_date": "2020-01-29",
      "email": "schmidtzachary@arnold.com",
      "telephone": "6595193874",
      "address": "616 Jerry Park Apt. 975\nPort James, DC 75893",
      "group": 223
    }
  },
  {
    "model": "students.student",
    "pk": 2193,
    "fields": {
      "first_name": "Alexandra",
      "last_name": "Johnson",
      "birth_date": "2020-01-29",
      "email": "walkersherry@peters-hall.org",
      "telephone": "860922708409945",
      "address": "20657 French Summit Suite 242\nSouth Alexander, OK 47587",
      "group": 223
    }
  },
  {
    "model": "students.student",
    "pk": 2194,
    "fields": {
      "first_name": "Marvin",
      "last_name": "Vargas",
      "birth_date": "2020-01-29",
      "email": "kristina62@anderson.info",
      "telephone": "115991930689049",
      "address": "7750 Nicholas Court\nJohnsonshire, LA 57263",
      "group": 223
    }
  },
  {
    "model": "students.student",
    "pk": 2195,
    "fields": {
      "first_name": "Andrew",
      "last_name": "Ross",
      "birth_date": "2020-01-29",
      "email": "mcrawford@franklin.net",
      "telephone": "0812524332377",
      "address": "PSC 8961, Box 8960\nAPO AP 18190",
      "group": 223
    }
  },
  {
    "model": "students.student",
    "pk": 2196,
    "fields": {
      "first_name": "Sheryl",
      "last_name": "Cook",
      "birth_date": "2020-01-29",
      "email": "garrettcaitlin@gmail.com",
      "telephone": "17954176820",
      "address": "2840 Woods Tunnel Apt. 359\nFerrellshire, AR 12537",
      "group": 223
    }
  },
  {
    "model": "students.student",
    "pk": 2197,
    "fields": {
      "first_name": "Robert",
      "last_name": "Powell",
      "birth_date": "2020-01-29",
      "email": "samanthaharris@fischer.com",
      "telephone": "9208193004199",
      "address": "5486 Andrew Islands Suite 458\nMorganville, MO 74618",
      "group": 223
    }
  },
  {
    "model": "students.student",
    "pk": 2198,
    "fields": {
      "first_name": "Christina",
      "last_name": "Ortega",
      "birth_date": "2020-01-29",
      "email": "nelsonsheila@huber-garrett.org",
      "telephone": "079101441160034",
      "address": "67760 Troy Corner\nGlendafurt, SD 02865",
      "group": 223
    }
  },
  {
    "model": "students.student",
    "pk": 2199,
    "fields": {
      "first_name": "Justin",
      "last_name": "Jones",
      "birth_date": "2020-01-29",
      "email": "nicolejohnson@gmail.com",
      "telephone": "8620271432",
      "address": "93775 Debra Creek Apt. 782\nNorth Samanthabury, MN 69526",
      "group": 223
    }
  },
  {
    "model": "students.student",
    "pk": 2200,
    "fields": {
      "first_name": "Janet",
      "last_name": "Gonzalez",
      "birth_date": "2020-01-29",
      "email": "cynthiatorres@gmail.com",
      "telephone": "7262435136",
      "address": "000 Banks Bypass Apt. 758\nEast Carlside, NV 76189",
      "group": 223
    }
  },
  {
    "model": "students.student",
    "pk": 2201,
    "fields": {
      "first_name": "David",
      "last_name": "Stewart",
      "birth_date": "2020-01-29",
      "email": "stewartsandra@yahoo.com",
      "telephone": "001129173254097665",
      "address": "72152 Robert Forges\nJamesville, DC 66445",
      "group": 223
    }
  },
  {
    "model": "students.student",
    "pk": 2202,
    "fields": {
      "first_name": "Michael",
      "last_name": "Byrd",
      "birth_date": "2020-01-29",
      "email": "sclark@nguyen.biz",
      "telephone": "88437794715997",
      "address": "871 Wyatt Brook Apt. 812\nNew Shawnmouth, PA 07055",
      "group": 223
    }
  },
  {
    "model": "students.student",
    "pk": 2203,
    "fields": {
      "first_name": "Alexis",
      "last_name": "Scott",
      "birth_date": "2020-01-29",
      "email": "wnorris@small.net",
      "telephone": "00160382873343418",
      "address": "9023 Ryan Extensions Apt. 908\nVargasport, IL 53657",
      "group": 223
    }
  },
  {
    "model": "students.student",
    "pk": 2204,
    "fields": {
      "first_name": "David",
      "last_name": "Brown",
      "birth_date": "2020-01-29",
      "email": "linda18@gmail.com",
      "telephone": "7420629097356",
      "address": "67124 Mariah Ridges\nLake Taylor, FL 01819",
      "group": 223
    }
  },
  {
    "model": "students.student",
    "pk": 2205,
    "fields": {
      "first_name": "Albert",
      "last_name": "Nguyen",
      "birth_date": "2020-01-29",
      "email": "lisabush@christian.com",
      "telephone": "001210687507411934",
      "address": "39252 Caleb Alley\nCarriestad, ME 11749",
      "group": 223
    }
  },
  {
    "model": "students.student",
    "pk": 2206,
    "fields": {
      "first_name": "Eric",
      "last_name": "Powell",
      "birth_date": "2020-01-29",
      "email": "pattonpaul@jones.com",
      "telephone": "1696261133",
      "address": "3095 Shawn Keys\nEspinozaland, DC 68901",
      "group": 223
    }
  },
  {
    "model": "students.student",
    "pk": 2207,
    "fields": {
      "first_name": "Elizabeth",
      "last_name": "Hudson",
      "birth_date": "2020-01-29",
      "email": "wbaker@gmail.com",
      "telephone": "5808715203671",
      "address": "6698 Kelly Junctions Suite 111\nGomezborough, NC 34807",
      "group": 223
    }
  },
  {
    "model": "students.student",
    "pk": 2208,
    "fields": {
      "first_name": "Susan",
      "last_name": "Hamilton",
      "birth_date": "2020-01-29",
      "email": "nelsonmelissa@hotmail.com",
      "telephone": "10366522122",
      "address": "93119 Myers Manors\nEast Katherine, ND 69177",
      "group": 223
    }
  },
  {
    "model": "students.student",
    "pk": 2209,
    "fields": {
      "first_name": "Bradley",
      "last_name": "Fisher",
      "birth_date": "2020-01-29",
      "email": "rwilson@davis.biz",
      "telephone": "1779445156803681",
      "address": "620 Jenkins Greens\nEast Rebeccamouth, OK 25654",
      "group": 223
    }
  },
  {
    "model": "students.student",
    "pk": 2210,
    "fields": {
      "first_name": "Melissa",
      "last_name": "Lucas",
      "birth_date": "2020-01-29",
      "email": "paul58@gonzalez-adams.net",
      "telephone": "129314658975481",
      "address": "0007 Lee Highway\nEbonyberg, WA 14339",
      "group": 223
    }
  },
  {
    "model": "students.student",
    "pk": 2211,
    "fields": {
      "first_name": "Larry",
      "last_name": "Johnson",
      "birth_date": "2020-01-29",
      "email": "ftucker@yahoo.com",
      "telephone": "9497798184",
      "address": "2912 Williams Mountain\nSouth Anthony, WV 84195",
      "group": 227
    }
  },
  {
    "model": "students.student",
    "pk": 2212,
    "fields": {
      "first_name": "Mark",
      "last_name": "Mitchell",
      "birth_date": "2020-01-29",
      "email": "pearsontiffany@wilcox.biz",
      "telephone": "0010044893958",
      "address": "8256 Barnes Islands Suite 323\nDavisside, MS 08159",
      "group": 236
    }
  },
  {
    "model": "students.student",
    "pk": 2213,
    "fields": {
      "first_name": "Dawn",
      "last_name": "Walls",
      "birth_date": "2020-01-29",
      "email": "christina30@clark-blackwell.org",
      "telephone": "082026655471927",
      "address": "5033 Reyes Locks Apt. 094\nDavisland, TX 63333",
      "group": 237
    }
  },
  {
    "model": "students.student",
    "pk": 2214,
    "fields": {
      "first_name": "Nathan",
      "last_name": "Mercado",
      "birth_date": "2020-01-29",
      "email": "christina11@yahoo.com",
      "telephone": "001371622055310279",
      "address": "7066 Jerome Pines\nDixonview, NE 50862",
      "group": 229
    }
  },
  {
    "model": "students.student",
    "pk": 2215,
    "fields": {
      "first_name": "Allison",
      "last_name": "Bauer",
      "birth_date": "2020-01-29",
      "email": "ebrady@clark.biz",
      "telephone": "7569771502",
      "address": "52878 Brian Club Suite 545\nBrianville, GA 71393",
      "group": 242
    }
  },
  {
    "model": "students.student",
    "pk": 2216,
    "fields": {
      "first_name": "Lori",
      "last_name": "Hays",
      "birth_date": "2020-01-29",
      "email": "ruth76@hotmail.com",
      "telephone": "02665030027085",
      "address": "59308 Brady Passage\nSouth Daniel, NC 07811",
      "group": 234
    }
  },
  {
    "model": "students.student",
    "pk": 2217,
    "fields": {
      "first_name": "Michael",
      "last_name": "Boyd",
      "birth_date": "2020-01-29",
      "email": "baldwincynthia@yahoo.com",
      "telephone": "073349301537062",
      "address": "017 Lloyd Light\nMatthewberg, WA 20651",
      "group": 233
    }
  },
  {
    "model": "students.student",
    "pk": 2218,
    "fields": {
      "first_name": "Ryan",
      "last_name": "Mccarty",
      "birth_date": "2020-01-29",
      "email": "leah25@key.com",
      "telephone": "0459099315085",
      "address": "379 Derek Key\nNew Cory, ID 16607",
      "group": 226
    }
  },
  {
    "model": "students.student",
    "pk": 2219,
    "fields": {
      "first_name": "Danny",
      "last_name": "Daniel",
      "birth_date": "2020-01-29",
      "email": "fischeramber@gmail.com",
      "telephone": "12067321845845",
      "address": "942 Elizabeth Locks\nSouth Erinton, WA 46559",
      "group": 235
    }
  },
  {
    "model": "students.student",
    "pk": 2220,
    "fields": {
      "first_name": "Monique",
      "last_name": "Powell",
      "birth_date": "2020-01-29",
      "email": "karen34@wheeler.com",
      "telephone": "6091626441",
      "address": "3808 Moore Canyon\nDonaldhaven, KS 19844",
      "group": 229
    }
  },
  {
    "model": "students.student",
    "pk": 2221,
    "fields": {
      "first_name": "Timothy",
      "last_name": "Sutton",
      "birth_date": "2020-01-29",
      "email": "zbrown@gmail.com",
      "telephone": "19997544299977",
      "address": "263 Cox Square Apt. 235\nLake Timothystad, KY 36924",
      "group": 237
    }
  },
  {
    "model": "students.student",
    "pk": 2222,
    "fields": {
      "first_name": "Troy",
      "last_name": "Ibarra",
      "birth_date": "2020-01-29",
      "email": "sydney93@hotmail.com",
      "telephone": "00116698728368328",
      "address": "9381 Amy Trail Apt. 448\nAnthonyton, UT 01820",
      "group": 238
    }
  },
  {
    "model": "students.student",
    "pk": 2223,
    "fields": {
      "first_name": "Frank",
      "last_name": "Ritter",
      "birth_date": "2020-01-29",
      "email": "danataylor@taylor.org",
      "telephone": "1008175286",
      "address": "USS Little\nFPO AE 52312",
      "group": 236
    }
  },
  {
    "model": "students.student",
    "pk": 2224,
    "fields": {
      "first_name": "Michelle",
      "last_name": "Silva",
      "birth_date": "2020-01-29",
      "email": "steven41@gmail.com",
      "telephone": "18613137394515",
      "address": "58968 Osborne Forest Apt. 107\nTaylortown, MO 26338",
      "group": 236
    }
  },
  {
    "model": "students.student",
    "pk": 2225,
    "fields": {
      "first_name": "Gilbert",
      "last_name": "Daugherty",
      "birth_date": "2020-01-29",
      "email": "codyhall@wallace.net",
      "telephone": "1064876128829766",
      "address": "8148 Lopez Hollow Suite 630\nPort Jessica, SC 52461",
      "group": 235
    }
  },
  {
    "model": "students.student",
    "pk": 2226,
    "fields": {
      "first_name": "Jenna",
      "last_name": "Harris",
      "birth_date": "2020-01-29",
      "email": "rwatkins@yahoo.com",
      "telephone": "8465171782615",
      "address": "92284 Cain Shores\nNew Jeffery, KS 02663",
      "group": 225
    }
  },
  {
    "model": "students.student",
    "pk": 2227,
    "fields": {
      "first_name": "Vanessa",
      "last_name": "Landry",
      "birth_date": "2020-01-29",
      "email": "foxemma@flynn.com",
      "telephone": "114229010091718",
      "address": "97624 Smith Branch\nLindabury, VT 58164",
      "group": 229
    }
  },
  {
    "model": "students.student",
    "pk": 2228,
    "fields": {
      "first_name": "Richard",
      "last_name": "Clark",
      "birth_date": "2020-01-29",
      "email": "haleyowens@rose.biz",
      "telephone": "0928497829440",
      "address": "052 Hall Loaf Apt. 116\nWest Jennifer, OK 94123",
      "group": 242
    }
  },
  {
    "model": "students.student",
    "pk": 2229,
    "fields": {
      "first_name": "Alex",
      "last_name": "Adams",
      "birth_date": "2020-01-29",
      "email": "tyrone91@bell.com",
      "telephone": "00160869587661398",
      "address": "8015 Brenda Cliff Apt. 034\nRamosberg, MN 99233",
      "group": 224
    }
  },
  {
    "model": "students.student",
    "pk": 2230,
    "fields": {
      "first_name": "Barbara",
      "last_name": "Colon",
      "birth_date": "2020-01-29",
      "email": "janiceboyd@yahoo.com",
      "telephone": "100904928957918",
      "address": "PSC 2920, Box 1657\nAPO AP 31495",
      "group": 238
    }
  },
  {
    "model": "students.student",
    "pk": 2231,
    "fields": {
      "first_name": "Emily",
      "last_name": "Brown",
      "birth_date": "2020-01-29",
      "email": "rivasnatasha@yahoo.com",
      "telephone": "3781923350020",
      "address": "823 Adam Road Apt. 614\nNorth Jonathanmouth, MA 17683",
      "group": 232
    }
  },
  {
    "model": "students.student",
    "pk": 2232,
    "fields": {
      "first_name": "Ashley",
      "last_name": "Johnson",
      "birth_date": "2020-01-29",
      "email": "dean63@hotmail.com",
      "telephone": "3458542247",
      "address": "78062 Johnson Hills Apt. 655\nEast Rodney, MN 16423",
      "group": 241
    }
  },
  {
    "model": "students.student",
    "pk": 2233,
    "fields": {
      "first_name": "Michael",
      "last_name": "Murphy",
      "birth_date": "2020-01-29",
      "email": "lpatterson@hotmail.com",
      "telephone": "4175074756",
      "address": "02913 Vargas Crescent Suite 115\nCrawfordstad, WA 63660",
      "group": 238
    }
  },
  {
    "model": "students.student",
    "pk": 2234,
    "fields": {
      "first_name": "Tracy",
      "last_name": "Boone",
      "birth_date": "2020-01-29",
      "email": "haleyjames@yahoo.com",
      "telephone": "5888777633252",
      "address": "3065 Joshua Spur Apt. 296\nAnthonystad, NJ 77321",
      "group": 231
    }
  },
  {
    "model": "students.student",
    "pk": 2235,
    "fields": {
      "first_name": "Christian",
      "last_name": "Taylor",
      "birth_date": "2020-01-29",
      "email": "elizabethburch@miller.com",
      "telephone": "3727234138",
      "address": "3809 Michelle Flat\nMargaretberg, TX 18065",
      "group": 229
    }
  },
  {
    "model": "students.student",
    "pk": 2236,
    "fields": {
      "first_name": "James",
      "last_name": "Graham",
      "birth_date": "2020-01-29",
      "email": "hstrickland@matthews.com",
      "telephone": "0038361063323",
      "address": "00843 Medina Manors Apt. 845\nMeganmouth, RI 28676",
      "group": 231
    }
  },
  {
    "model": "students.student",
    "pk": 2237,
    "fields": {
      "first_name": "Tommy",
      "last_name": "Rhodes",
      "birth_date": "2020-01-29",
      "email": "rosemaldonado@becker.biz",
      "telephone": "1210044889",
      "address": "462 Christopher Haven Apt. 015\nSouth Cindy, AZ 42004",
      "group": 233
    }
  },
  {
    "model": "students.student",
    "pk": 2238,
    "fields": {
      "first_name": "Richard",
      "last_name": "Yates",
      "birth_date": "2020-01-29",
      "email": "taylornicholas@cervantes.com",
      "telephone": "0945660755",
      "address": "111 Jennifer Circles Suite 812\nNew Nancy, MT 99176",
      "group": 234
    }
  },
  {
    "model": "students.student",
    "pk": 2239,
    "fields": {
      "first_name": "Natalie",
      "last_name": "Hayden",
      "birth_date": "2020-01-29",
      "email": "bryan42@gmail.com",
      "telephone": "571582370816217",
      "address": "751 Austin Fort\nCarrollbury, PA 17978",
      "group": 243
    }
  },
  {
    "model": "students.student",
    "pk": 2240,
    "fields": {
      "first_name": "Elizabeth",
      "last_name": "Sawyer",
      "birth_date": "2020-01-29",
      "email": "thompsondavid@morris.info",
      "telephone": "124722738603184",
      "address": "49682 Wanda Canyon\nJenniferville, WY 73848",
      "group": 228
    }
  },
  {
    "model": "students.student",
    "pk": 2241,
    "fields": {
      "first_name": "Erin",
      "last_name": "Holmes",
      "birth_date": "2020-01-29",
      "email": "raymondkarl@gmail.com",
      "telephone": "99080594877129",
      "address": "63303 Everett Prairie\nBerrystad, NV 60992",
      "group": 242
    }
  },
  {
    "model": "students.student",
    "pk": 2242,
    "fields": {
      "first_name": "Michael",
      "last_name": "Young",
      "birth_date": "2020-01-29",
      "email": "stephaniemiranda@yahoo.com",
      "telephone": "14014165284245",
      "address": "27376 Patterson Cove\nNorth Steveview, MN 50169",
      "group": 229
    }
  },
  {
    "model": "students.student",
    "pk": 2243,
    "fields": {
      "first_name": "Austin",
      "last_name": "Gillespie",
      "birth_date": "2020-01-29",
      "email": "sarah08@hotmail.com",
      "telephone": "19829154987383",
      "address": "15900 Morales Cove\nMarieport, IA 79496",
      "group": 242
    }
  },
  {
    "model": "students.student",
    "pk": 2244,
    "fields": {
      "first_name": "Christine",
      "last_name": "Stark",
      "birth_date": "2020-01-29",
      "email": "benjamin62@gmail.com",
      "telephone": "9819588506",
      "address": "200 Kenneth Unions Suite 617\nSmithside, MS 73277",
      "group": 232
    }
  },
  {
    "model": "students.student",
    "pk": 2245,
    "fields": {
      "first_name": "Patricia",
      "last_name": "Robinson",
      "birth_date": "2020-01-29",
      "email": "daniel55@johnson.net",
      "telephone": "0552266524",
      "address": "21364 Joshua Pike Suite 343\nWest Patrick, VT 95168",
      "group": 241
    }
  },
  {
    "model": "students.student",
    "pk": 2246,
    "fields": {
      "first_name": "Diane",
      "last_name": "Hubbard",
      "birth_date": "2020-01-29",
      "email": "keith58@villanueva.com",
      "telephone": "34539201608139",
      "address": "64873 Kimberly Squares Suite 231\nButlerberg, CO 22467",
      "group": 232
    }
  },
  {
    "model": "students.student",
    "pk": 2247,
    "fields": {
      "first_name": "Allison",
      "last_name": "Pierce",
      "birth_date": "2020-01-29",
      "email": "velazqueztaylor@hotmail.com",
      "telephone": "8323985177960",
      "address": "78436 Hickman Stream Suite 343\nTammyhaven, CO 67964",
      "group": 240
    }
  },
  {
    "model": "students.student",
    "pk": 2248,
    "fields": {
      "first_name": "Justin",
      "last_name": "Zimmerman",
      "birth_date": "2020-01-29",
      "email": "wilsonlisa@yahoo.com",
      "telephone": "2223429153",
      "address": "5829 Guzman Courts\nNew Saramouth, GA 03348",
      "group": 235
    }
  },
  {
    "model": "students.student",
    "pk": 2249,
    "fields": {
      "first_name": "Ariana",
      "last_name": "Smith",
      "birth_date": "2020-01-29",
      "email": "teresaflores@hotmail.com",
      "telephone": "12366259335342",
      "address": "91400 Shepard Shoal Suite 579\nMezabury, MA 67255",
      "group": 225
    }
  },
  {
    "model": "students.student",
    "pk": 2250,
    "fields": {
      "first_name": "Vanessa",
      "last_name": "Foster",
      "birth_date": "2020-01-29",
      "email": "zachary87@allen.net",
      "telephone": "5181617748",
      "address": "96136 Scott Fields Apt. 001\nPort Lisaland, WI 47043",
      "group": 235
    }
  },
  {
    "model": "students.student",
    "pk": 2251,
    "fields": {
      "first_name": "Robert",
      "last_name": "Benson",
      "birth_date": "2020-01-29",
      "email": "castanedalinda@ramos-martinez.com",
      "telephone": "001373539127006354",
      "address": "PSC 7599, Box 0032\nAPO AE 15828",
      "group": 237
    }
  },
  {
    "model": "students.student",
    "pk": 2252,
    "fields": {
      "first_name": "Anthony",
      "last_name": "Arellano",
      "birth_date": "2020-01-29",
      "email": "stephen55@gmail.com",
      "telephone": "0012260553728",
      "address": "01067 Zachary Shoal\nWest Stevenland, NV 67902",
      "group": 229
    }
  },
  {
    "model": "students.student",
    "pk": 2253,
    "fields": {
      "first_name": "Elaine",
      "last_name": "Turner",
      "birth_date": "2020-01-29",
      "email": "yuzachary@williams.com",
      "telephone": "11473240476671",
      "address": "670 Costa Center\nSmithborough, WV 22600",
      "group": 237
    }
  },
  {
    "model": "students.student",
    "pk": 2254,
    "fields": {
      "first_name": "Rachel",
      "last_name": "Kelly",
      "birth_date": "2020-01-29",
      "email": "cbrown@rodriguez.com",
      "telephone": "9615485548",
      "address": "13483 Thomas Circles Suite 501\nSouth Lauraberg, VT 49174",
      "group": 230
    }
  },
  {
    "model": "students.student",
    "pk": 2255,
    "fields": {
      "first_name": "Larry",
      "last_name": "Perkins",
      "birth_date": "2020-01-29",
      "email": "brianbarrera@beard.net",
      "telephone": "0474043553",
      "address": "230 Carey Crest\nBakerville, ND 28726",
      "group": 240
    }
  },
  {
    "model": "students.student",
    "pk": 2256,
    "fields": {
      "first_name": "Justin",
      "last_name": "Cannon",
      "birth_date": "2020-01-29",
      "email": "johnlove@gmail.com",
      "telephone": "171749317722917",
      "address": "0649 Billy Vista\nJoannmouth, MD 33219",
      "group": 236
    }
  },
  {
    "model": "students.student",
    "pk": 2257,
    "fields": {
      "first_name": "Michelle",
      "last_name": "Robinson",
      "birth_date": "2020-01-29",
      "email": "peterroberts@hill-hill.info",
      "telephone": "8562997477",
      "address": "281 Bobby Plaza\nHoganhaven, WA 17752",
      "group": 230
    }
  },
  {
    "model": "students.student",
    "pk": 2258,
    "fields": {
      "first_name": "Diane",
      "last_name": "Johnson",
      "birth_date": "2020-01-29",
      "email": "xmahoney@yahoo.com",
      "telephone": "0017922828189309",
      "address": "37753 Shannon Mews\nJonesshire, DC 89303",
      "group": 243
    }
  },
  {
    "model": "students.student",
    "pk": 2259,
    "fields": {
      "first_name": "Kimberly",
      "last_name": "Conley",
      "birth_date": "2020-01-29",
      "email": "michellediaz@gmail.com",
      "telephone": "59942357333411",
      "address": "550 Jordan Ridges\nStephenton, CA 38965",
      "group": 241
    }
  },
  {
    "model": "students.student",
    "pk": 2260,
    "fields": {
      "first_name": "Jason",
      "last_name": "Richardson",
      "birth_date": "2020-01-29",
      "email": "drewthomas@gmail.com",
      "telephone": "26390819288010",
      "address": "88979 Brian Plains\nEast Timothy, TN 90584",
      "group": 227
    }
  },
  {
    "model": "students.student",
    "pk": 2261,
    "fields": {
      "first_name": "Laurie",
      "last_name": "Molina",
      "birth_date": "2020-01-29",
      "email": "derrickschneider@hotmail.com",
      "telephone": "00185133373324112",
      "address": "8491 Kristen Valley\nEast Leah, NV 60168",
      "group": 241
    }
  },
  {
    "model": "students.student",
    "pk": 2262,
    "fields": {
      "first_name": "Paula",
      "last_name": "Gregory",
      "birth_date": "2020-01-29",
      "email": "brandonstokes@yahoo.com",
      "telephone": "00103043620505274",
      "address": "USNS Hardin\nFPO AE 27166",
      "group": 232
    }
  },
  {
    "model": "students.student",
    "pk": 2263,
    "fields": {
      "first_name": "Brian",
      "last_name": "Shepard",
      "birth_date": "2020-01-29",
      "email": "hoodjohn@yahoo.com",
      "telephone": "11286100763",
      "address": "699 William Neck Apt. 451\nEast Dylan, MN 11948",
      "group": 231
    }
  },
  {
    "model": "students.student",
    "pk": 2264,
    "fields": {
      "first_name": "Jeremy",
      "last_name": "Thompson",
      "birth_date": "2020-01-29",
      "email": "grodriguez@dunn.com",
      "telephone": "246483449506857",
      "address": "348 Foster Mount Suite 842\nLake Diane, UT 27684",
      "group": 227
    }
  },
  {
    "model": "students.student",
    "pk": 2265,
    "fields": {
      "first_name": "Robert",
      "last_name": "Kline",
      "birth_date": "2020-01-29",
      "email": "sjackson@hotmail.com",
      "telephone": "7528361471361",
      "address": "480 Pamela Shoals Apt. 948\nNorth Alyssa, NE 39437",
      "group": 228
    }
  },
  {
    "model": "students.student",
    "pk": 2266,
    "fields": {
      "first_name": "Robert",
      "last_name": "Haney",
      "birth_date": "2020-01-29",
      "email": "derekward@hotmail.com",
      "telephone": "8075650060",
      "address": "4165 Charles Courts Suite 440\nWest Reneemouth, SC 22506",
      "group": 227
    }
  },
  {
    "model": "students.student",
    "pk": 2267,
    "fields": {
      "first_name": "Jessica",
      "last_name": "Scott",
      "birth_date": "2020-01-29",
      "email": "tylerlynch@stone.com",
      "telephone": "0019166215807",
      "address": "94614 Wood Parkways\nNorth Joshua, DC 64646",
      "group": 240
    }
  },
  {
    "model": "students.student",
    "pk": 2268,
    "fields": {
      "first_name": "Elizabeth",
      "last_name": "Smith",
      "birth_date": "2020-01-29",
      "email": "rebecca89@cain.com",
      "telephone": "6352269227",
      "address": "767 Carter Street Suite 318\nGarciabury, IA 13303",
      "group": 232
    }
  },
  {
    "model": "students.student",
    "pk": 2269,
    "fields": {
      "first_name": "James",
      "last_name": "Alexander",
      "birth_date": "2020-01-29",
      "email": "emmathompson@chapman.com",
      "telephone": "9908054592406",
      "address": "391 Bradley Bypass\nWilliamhaven, NH 28245",
      "group": 228
    }
  },
  {
    "model": "students.student",
    "pk": 2270,
    "fields": {
      "first_name": "Michael",
      "last_name": "Phelps",
      "birth_date": "2020-01-29",
      "email": "kwebster@hotmail.com",
      "telephone": "106181355564023",
      "address": "6558 Patterson Loop\nAnatown, IA 58835",
      "group": 225
    }
  },
  {
    "model": "students.student",
    "pk": 2271,
    "fields": {
      "first_name": "Tracy",
      "last_name": "Dennis",
      "birth_date": "2020-01-29",
      "email": "briankim@hotmail.com",
      "telephone": "2205257155",
      "address": "801 Hartman Coves\nAmyland, ID 46396",
      "group": 238
    }
  },
  {
    "model": "students.student",
    "pk": 2272,
    "fields": {
      "first_name": "Mark",
      "last_name": "Torres",
      "birth_date": "2020-01-29",
      "email": "medinawalter@yahoo.com",
      "telephone": "62879407744367",
      "address": "3843 Theresa Spur Apt. 781\nNew Michaelton, TN 48229",
      "group": 233
    }
  },
  {
    "model": "students.student",
    "pk": 2273,
    "fields": {
      "first_name": "Melanie",
      "last_name": "Day",
      "birth_date": "2020-01-29",
      "email": "hughesnancy@sanchez.net",
      "telephone": "3301474766",
      "address": "9585 Veronica Islands\nKevinfort, AZ 86396",
      "group": 226
    }
  },
  {
    "model": "students.student",
    "pk": 2274,
    "fields": {
      "first_name": "Leslie",
      "last_name": "Jensen",
      "birth_date": "2020-01-29",
      "email": "pcabrera@burgess-neal.com",
      "telephone": "15641596289",
      "address": "1362 Jason Neck\nSouth Keithberg, WY 80286",
      "group": 223
    }
  },
  {
    "model": "students.student",
    "pk": 2275,
    "fields": {
      "first_name": "Brittany",
      "last_name": "Reid",
      "birth_date": "2020-01-29",
      "email": "amacdonald@yahoo.com",
      "telephone": "4899614023",
      "address": "1854 Chelsea Estate\nDanielbury, WI 66492",
      "group": 228
    }
  },
  {
    "model": "students.student",
    "pk": 2276,
    "fields": {
      "first_name": "Stephanie",
      "last_name": "Gomez",
      "birth_date": "2020-01-29",
      "email": "jill25@gmail.com",
      "telephone": "122608793777353",
      "address": "300 Scott Light\nNew Rebeccaport, HI 25770",
      "group": 231
    }
  },
  {
    "model": "students.student",
    "pk": 2277,
    "fields": {
      "first_name": "Richard",
      "last_name": "Solomon",
      "birth_date": "2020-01-29",
      "email": "rasmussenkevin@hotmail.com",
      "telephone": "36179834167480",
      "address": "12802 Harrington Square Apt. 713\nSusanhaven, MO 25658",
      "group": 236
    }
  },
  {
    "model": "students.student",
    "pk": 2278,
    "fields": {
      "first_name": "Patricia",
      "last_name": "Patterson",
      "birth_date": "2020-01-29",
      "email": "nathan30@yahoo.com",
      "telephone": "1389762659040804",
      "address": "46321 Alvarez Pike\nLisatown, VT 01760",
      "group": 230
    }
  },
  {
    "model": "students.student",
    "pk": 2279,
    "fields": {
      "first_name": "Matthew",
      "last_name": "Landry",
      "birth_date": "2020-01-29",
      "email": "lrodriguez@patel-rowland.com",
      "telephone": "00101670243697782",
      "address": "738 Christopher Corners Apt. 940\nSouth Karen, NV 12255",
      "group": 224
    }
  },
  {
    "model": "students.student",
    "pk": 2280,
    "fields": {
      "first_name": "Jill",
      "last_name": "Wilson",
      "birth_date": "2020-01-29",
      "email": "alexander94@garcia.com",
      "telephone": "0298944371",
      "address": "3685 Jeremy Bridge\nNew Frankburgh, MO 21428",
      "group": 232
    }
  },
  {
    "model": "students.student",
    "pk": 2281,
    "fields": {
      "first_name": "Michele",
      "last_name": "Smith",
      "birth_date": "2020-01-29",
      "email": "harperangela@hotmail.com",
      "telephone": "14350503687",
      "address": "4304 White Run\nScotthaven, IL 18157",
      "group": 231
    }
  },
  {
    "model": "students.student",
    "pk": 2282,
    "fields": {
      "first_name": "Carl",
      "last_name": "Rush",
      "birth_date": "2020-01-29",
      "email": "baileypamela@todd.org",
      "telephone": "092847228269772",
      "address": "727 Tony Inlet\nWest Matthew, NV 97308",
      "group": 241
    }
  },
  {
    "model": "students.student",
    "pk": 2283,
    "fields": {
      "first_name": "Michelle",
      "last_name": "Hines",
      "birth_date": "2020-01-29",
      "email": "smithmegan@gmail.com",
      "telephone": "76128943361867",
      "address": "6373 Durham Burg\nWendyside, PA 70273",
      "group": 225
    }
  },
  {
    "model": "students.student",
    "pk": 2284,
    "fields": {
      "first_name": "Ronald",
      "last_name": "Bennett",
      "birth_date": "2020-01-29",
      "email": "seanwoods@gardner.net",
      "telephone": "15219295875273",
      "address": "7563 Scott Viaduct Apt. 053\nWagnerhaven, MD 36489",
      "group": 224
    }
  },
  {
    "model": "students.student",
    "pk": 2285,
    "fields": {
      "first_name": "Michael",
      "last_name": "Anderson",
      "birth_date": "2020-01-29",
      "email": "jennifer52@harding.com",
      "telephone": "7203976177385",
      "address": "79922 Kenneth Manors\nCassandraborough, FL 41436",
      "group": 232
    }
  },
  {
    "model": "students.student",
    "pk": 2286,
    "fields": {
      "first_name": "Allen",
      "last_name": "Schaefer",
      "birth_date": "2020-01-29",
      "email": "donaldsmith@yahoo.com",
      "telephone": "386987067677428",
      "address": "Unit 5767 Box 5441\nDPO AE 81559",
      "group": 227
    }
  },
  {
    "model": "students.student",
    "pk": 2287,
    "fields": {
      "first_name": "Megan",
      "last_name": "Miller",
      "birth_date": "2020-01-29",
      "email": "woodchristopher@yahoo.com",
      "telephone": "6897923231610",
      "address": "9340 Smith Corner\nNorth Timothyton, CO 97740",
      "group": 242
    }
  },
  {
    "model": "students.student",
    "pk": 2288,
    "fields": {
      "first_name": "Catherine",
      "last_name": "Reed",
      "birth_date": "2020-01-29",
      "email": "stricklanddawn@yahoo.com",
      "telephone": "424207567951451",
      "address": "059 Michelle Summit Suite 826\nSouth Karenchester, OR 53572",
      "group": 223
    }
  },
  {
    "model": "students.student",
    "pk": 2289,
    "fields": {
      "first_name": "Mandy",
      "last_name": "Mills",
      "birth_date": "2020-01-29",
      "email": "ncruz@cook-moss.org",
      "telephone": "072678543301440",
      "address": "Unit 1805 Box 9081\nDPO AP 25822",
      "group": 243
    }
  },
  {
    "model": "students.student",
    "pk": 2290,
    "fields": {
      "first_name": "Stephanie",
      "last_name": "Martin",
      "birth_date": "2020-01-29",
      "email": "terrybarrera@mccarthy.info",
      "telephone": "9861011890",
      "address": "57616 Hunter Port\nJameschester, NC 65391",
      "group": 238
    }
  },
  {
    "model": "students.student",
    "pk": 2291,
    "fields": {
      "first_name": "Jeffrey",
      "last_name": "Quinn",
      "birth_date": "2020-01-29",
      "email": "lanesusan@bradshaw.com",
      "telephone": "288375815803249",
      "address": "989 Green Haven Suite 284\nMccarthystad, OR 76581",
      "group": 229
    }
  },
  {
    "model": "students.student",
    "pk": 2292,
    "fields": {
      "first_name": "Ricky",
      "last_name": "Riley",
      "birth_date": "2020-01-29",
      "email": "sharon79@moyer-martin.net",
      "telephone": "11763583733342",
      "address": "559 Mitchell Keys Suite 549\nMatthewton, SD 16651",
      "group": 237
    }
  },
  {
    "model": "students.student",
    "pk": 2293,
    "fields": {
      "first_name": "Nathan",
      "last_name": "Swanson",
      "birth_date": "2020-01-29",
      "email": "samantha51@hotmail.com",
      "telephone": "575716486828560",
      "address": "7386 Amanda Dale\nLake Brandon, ME 44029",
      "group": 241
    }
  },
  {
    "model": "students.student",
    "pk": 2294,
    "fields": {
      "first_name": "Elizabeth",
      "last_name": "Knapp",
      "birth_date": "2020-01-29",
      "email": "vrodriguez@hotmail.com",
      "telephone": "001501273360232715",
      "address": "4509 Todd Stream Suite 216\nPort Leslie, DE 57471",
      "group": 229
    }
  },
  {
    "model": "students.student",
    "pk": 2295,
    "fields": {
      "first_name": "Erica",
      "last_name": "Garcia",
      "birth_date": "2020-01-29",
      "email": "johnny30@hotmail.com",
      "telephone": "0015153747522",
      "address": "18084 Curtis Pike\nDavidfort, ME 58054",
      "group": 229
    }
  },
  {
    "model": "students.student",
    "pk": 2296,
    "fields": {
      "first_name": "Travis",
      "last_name": "Mercado",
      "birth_date": "2020-01-29",
      "email": "timothy22@gmail.com",
      "telephone": "14627865030",
      "address": "4185 Rose Port\nLake Jonathan, HI 77855",
      "group": 229
    }
  },
  {
    "model": "students.student",
    "pk": 2297,
    "fields": {
      "first_name": "Susan",
      "last_name": "Gaines",
      "birth_date": "2020-01-29",
      "email": "summersjennifer@gmail.com",
      "telephone": "3738302797742",
      "address": "96573 Camacho Summit\nSouth Juliaport, HI 75701",
      "group": 230
    }
  },
  {
    "model": "students.student",
    "pk": 2298,
    "fields": {
      "first_name": "Melanie",
      "last_name": "Frost",
      "birth_date": "2020-01-29",
      "email": "larrychaney@evans.biz",
      "telephone": "156412471912144",
      "address": "6675 Santiago Street Suite 305\nNew Rachel, UT 22206",
      "group": 226
    }
  },
  {
    "model": "students.student",
    "pk": 2299,
    "fields": {
      "first_name": "Julia",
      "last_name": "Baker",
      "birth_date": "2020-01-29",
      "email": "davidmiranda@hotmail.com",
      "telephone": "001810281045182456",
      "address": "PSC 1105, Box 5982\nAPO AE 68139",
      "group": 224
    }
  },
  {
    "model": "students.student",
    "pk": 2300,
    "fields": {
      "first_name": "Brian",
      "last_name": "Mcdowell",
      "birth_date": "2020-01-29",
      "email": "nball@hotmail.com",
      "telephone": "64307072593549",
      "address": "0976 Alyssa Walks\nCollinsville, AK 39754",
      "group": 235
    }
  },
  {
    "model": "students.student",
    "pk": 2301,
    "fields": {
      "first_name": "Tabitha",
      "last_name": "Black",
      "birth_date": "2020-01-29",
      "email": "wmurphy@collins.com",
      "telephone": "9156648443302",
      "address": "913 Teresa View\nPort Deborah, IL 88038",
      "group": 226
    }
  },
  {
    "model": "students.student",
    "pk": 2302,
    "fields": {
      "first_name": "Melinda",
      "last_name": "Morton",
      "birth_date": "2020-01-29",
      "email": "mitchellkimberly@brown-cox.com",
      "telephone": "0568548036623",
      "address": "4431 William Inlet\nEast Carrie, NM 36884",
      "group": 232
    }
  },
  {
    "model": "students.student",
    "pk": 2303,
    "fields": {
      "first_name": "Brooke",
      "last_name": "Brooks",
      "birth_date": "2020-01-29",
      "email": "rebecca47@scott.net",
      "telephone": "13227692429851",
      "address": "PSC 5041, Box 7200\nAPO AA 30100",
      "group": 225
    }
  },
  {
    "model": "students.student",
    "pk": 2304,
    "fields": {
      "first_name": "Sarah",
      "last_name": "Copeland",
      "birth_date": "2020-01-29",
      "email": "ashleymann@adams.com",
      "telephone": "42999697507073",
      "address": "47798 Susan Walk\nNew Amandachester, MA 35963",
      "group": 240
    }
  },
  {
    "model": "students.student",
    "pk": 2305,
    "fields": {
      "first_name": "Brandon",
      "last_name": "Hart",
      "birth_date": "2020-01-29",
      "email": "wanda64@burton.org",
      "telephone": "848014959226474",
      "address": "62571 Christine Dale Apt. 318\nDanielleland, DE 41897",
      "group": 224
    }
  },
  {
    "model": "students.student",
    "pk": 2306,
    "fields": {
      "first_name": "Katherine",
      "last_name": "Hartman",
      "birth_date": "2020-01-29",
      "email": "dixondaniel@edwards-rice.com",
      "telephone": "11228046217",
      "address": "4652 Donald Village Suite 138\nToddfort, AZ 63574",
      "group": 232
    }
  },
  {
    "model": "students.student",
    "pk": 2307,
    "fields": {
      "first_name": "Jennifer",
      "last_name": "Pruitt",
      "birth_date": "2020-01-29",
      "email": "williamtrevino@gmail.com",
      "telephone": "00137165509257391",
      "address": "24830 Meadows Track Apt. 710\nDianaville, IA 79297",
      "group": 230
    }
  },
  {
    "model": "students.student",
    "pk": 2308,
    "fields": {
      "first_name": "Dustin",
      "last_name": "Black",
      "birth_date": "2020-01-29",
      "email": "kimberlylambert@douglas.com",
      "telephone": "162734805802074",
      "address": "4324 Moore Ridge\nAlvarezport, NE 14768",
      "group": 243
    }
  },
  {
    "model": "students.student",
    "pk": 2309,
    "fields": {
      "first_name": "Crystal",
      "last_name": "Harris",
      "birth_date": "2020-01-29",
      "email": "timothybeasley@gmail.com",
      "telephone": "9649797374",
      "address": "21253 Ronald Common\nPort Ronaldfort, KY 11931",
      "group": 229
    }
  },
  {
    "model": "students.student",
    "pk": 2310,
    "fields": {
      "first_name": "Rhonda",
      "last_name": "Jones",
      "birth_date": "2020-01-29",
      "email": "deckercassandra@lewis.biz",
      "telephone": "0016925109813",
      "address": "6851 Katie OvalLake Courtneyhaven, ID 95675",
      "group": 235
    }
  },
  {
    "model": "students.student",
    "pk": 2311,
    "fields": {
      "first_name": "Vasiliy",
      "last_name": "Pyatkin",
      "birth_date": "2020-01-29",
      "email": "zobzob@gmail.com",
      "telephone": "65343432",
      "address": "asdsafds, 54",
      "group": 227
    }
  },
  {
    "model": "students.group",
    "pk": 223,
    "fields": {
      "name": "guys",
      "specialization": "physics",
      "study_start_year": "2002",
      "headman": 2110,
      "curator": 403
    }
  },
  {
    "model": "students.group",
    "pk": 224,
    "fields": {
      "name": "name_2",
      "specialization": "linguistics",
      "study_start_year": "2008",
      "headman": 2168,
      "curator": 480
    }
  },
  {
    "model": "students.group",
    "pk": 225,
    "fields": {
      "name": "name_3",
      "specialization": "linguistics",
      "study_start_year": "2010",
      "headman": 2152,
      "curator": 404
    }
  },
  {
    "model": "students.group",
    "pk": 226,
    "fields": {
      "name": "name_4",
      "specialization": "mathematics",
      "study_start_year": "2011",
      "headman": 2173,
      "curator": 496
    }
  },
  {
    "model": "students.group",
    "pk": 227,
    "fields": {
      "name": "name_5",
      "specialization": "mathematics",
      "study_start_year": "2009",
      "headman": 2156,
      "curator": 433
    }
  },
  {
    "model": "students.group",
    "pk": 228,
    "fields": {
      "name": "name_6",
      "specialization": "organizations",
      "study_start_year": "2016",
      "headman": 2164,
      "curator": 461
    }
  },
  {
    "model": "students.group",
    "pk": 229,
    "fields": {
      "name": "name_7",
      "specialization": "chemistry",
      "study_start_year": "2005",
      "headman": 2165,
      "curator": 473
    }
  },
  {
    "model": "students.group",
    "pk": 230,
    "fields": {
      "name": "name_8",
      "specialization": "mathematics",
      "study_start_year": "2009",
      "headman": 2142,
      "curator": 424
    }
  },
  {
    "model": "students.group",
    "pk": 231,
    "fields": {
      "name": "name_9",
      "specialization": "biology",
      "study_start_year": "2008",
      "headman": 2174,
      "curator": 409
    }
  },
  {
    "model": "students.group",
    "pk": 232,
    "fields": {
      "name": "name_10",
      "specialization": "linguistics",
      "study_start_year": "2009",
      "headman": 2159,
      "curator": 445
    }
  },
  {
    "model": "students.group",
    "pk": 233,
    "fields": {
      "name": "name_11",
      "specialization": "organizations",
      "study_start_year": "2015",
      "headman": 2130,
      "curator": 476
    }
  },
  {
    "model": "students.group",
    "pk": 234,
    "fields": {
      "name": "name_12",
      "specialization": "physics",
      "study_start_year": "2004",
      "headman": 2144,
      "curator": 493
    }
  },
  {
    "model": "students.group",
    "pk": 235,
    "fields": {
      "name": "name_13",
      "specialization": "computer_science",
      "study_start_year": "2016",
      "headman": 2174,
      "curator": 491
    }
  },
  {
    "model": "students.group",
    "pk": 236,
    "fields": {
      "name": "name_14",
      "specialization": "chemistry",
      "study_start_year": "2013",
      "headman": 2147,
      "curator": 429
    }
  },
  {
    "model": "students.group",
    "pk": 237,
    "fields": {
      "name": "name_15",
      "specialization": "chemistry",
      "study_start_year": "2015",
      "headman": 2113,
      "curator": 414
    }
  },
  {
    "model": "students.group",
    "pk": 238,
    "fields": {
      "name": "name_16",
      "specialization": "history",
      "study_start_year": "2006",
      "headman": 2183,
      "curator": 467
    }
  },
  {
    "model": "students.group",
    "pk": 239,
    "fields": {
      "name": "name_17",
      "specialization": "chemistry",
      "study_start_year": "2004",
      "headman": 2198,
      "curator": 439
    }
  },
  {
    "model": "students.group",
    "pk": 240,
    "fields": {
      "name": "name_18",
      "specialization": "chemistry",
      "study_start_year": "2004",
      "headman": 2204,
      "curator": 405
    }
  },
  {
    "model": "students.group",
    "pk": 241,
    "fields": {
      "name": "name_19",
      "specialization": "psychology",
      "study_start_year": "2013",
      "headman": 2197,
      "curator": 430
    }
  },
  {
    "model": "students.group",
    "pk": 242,
    "fields": {
      "name": "name_20",
      "specialization": "mathematics",
      "study_start_year": "2006",
      "headman": 2198,
      "curator": 500
    }
  },
  {
    "model": "students.group",
    "pk": 243,
    "fields": {
      "name": "name_21",
      "specialization": "computer_science",
      "study_start_year": "2014",
      "headman": 2151,
      "curator": 492
    }
  },
  {
    "model": "teachers.teacher",
    "pk": 403,
    "fields": {
      "first_name": "Alex",
      "last_name": "Smalex",
      "academic_degree": "M.D.",
      "email": "alexsmalex@gmail.com",
      "telephone": "123456"
    }
  },
  {
    "model": "teachers.teacher",
    "pk": 404,
    "fields": {
      "first_name": "Scott",
      "last_name": "Floyd",
      "academic_degree": "Ph.D",
      "email": "melissafoster@paul.info",
      "telephone": "40854370259774"
    }
  },
  {
    "model": "teachers.teacher",
    "pk": 405,
    "fields": {
      "first_name": "Melanie",
      "last_name": "Miller",
      "academic_degree": "J.D.",
      "email": "kevin04@yahoo.com",
      "telephone": "16934382318"
    }
  },
  {
    "model": "teachers.teacher",
    "pk": 406,
    "fields": {
      "first_name": "Patrick",
      "last_name": "Morgan",
      "academic_degree": "J.D.",
      "email": "antonio61@yahoo.com",
      "telephone": "425372968757610"
    }
  },
  {
    "model": "teachers.teacher",
    "pk": 407,
    "fields": {
      "first_name": "Melissa",
      "last_name": "Lewis",
      "academic_degree": "Ph.D",
      "email": "pfernandez@barnett.com",
      "telephone": "38085304954436"
    }
  },
  {
    "model": "teachers.teacher",
    "pk": 408,
    "fields": {
      "first_name": "Matthew",
      "last_name": "Fuller",
      "academic_degree": "M.D",
      "email": "turnerdaniel@williams-humphrey.com",
      "telephone": "7141187814"
    }
  },
  {
    "model": "teachers.teacher",
    "pk": 409,
    "fields": {
      "first_name": "Dustin",
      "last_name": "Garcia",
      "academic_degree": "J.D.",
      "email": "krobertson@yahoo.com",
      "telephone": "2261123012"
    }
  },
  {
    "model": "teachers.teacher",
    "pk": 410,
    "fields": {
      "first_name": "Jason",
      "last_name": "Cruz",
      "academic_degree": "Ph.D",
      "email": "ogutierrez@clark.com",
      "telephone": "9049820874"
    }
  },
  {
    "model": "teachers.teacher",
    "pk": 411,
    "fields": {
      "first_name": "Hunter",
      "last_name": "Reese",
      "academic_degree": "Ph.D",
      "email": "wleon@yahoo.com",
      "telephone": "7287002983848"
    }
  },
  {
    "model": "teachers.teacher",
    "pk": 412,
    "fields": {
      "first_name": "Alexis",
      "last_name": "Wheeler",
      "academic_degree": "M.D",
      "email": "laurahall@yahoo.com",
      "telephone": "0013180981947128"
    }
  },
  {
    "model": "teachers.teacher",
    "pk": 413,
    "fields": {
      "first_name": "Lauren",
      "last_name": "Wright",
      "academic_degree": "J.D.",
      "email": "myersscott@gmail.com",
      "telephone": "1358692046599595"
    }
  },
  {
    "model": "teachers.teacher",
    "pk": 414,
    "fields": {
      "first_name": "Elizabeth",
      "last_name": "Hamilton",
      "academic_degree": "M.D",
      "email": "oschroeder@brown-miller.net",
      "telephone": "21586027775171"
    }
  },
  {
    "model": "teachers.teacher",
    "pk": 415,
    "fields": {
      "first_name": "Robert",
      "last_name": "Smith",
      "academic_degree": "J.D.",
      "email": "ellisjoseph@bernard.com",
      "telephone": "1620880309629630"
    }
  },
  {
    "model": "teachers.teacher",
    "pk": 416,
    "fields": {
      "first_name": "Michaela",
      "last_name": "Garcia",
      "academic_degree": "Ph.D",
      "email": "denisecook@edwards.com",
      "telephone": "74722966248909"
    }
  },
  {
    "model": "teachers.teacher",
    "pk": 417,
    "fields": {
      "first_name": "Holly",
      "last_name": "Sheppard",
      "academic_degree": "J.D.",
      "email": "kimsaunders@jones.org",
      "telephone": "358882771204738"
    }
  },
  {
    "model": "teachers.teacher",
    "pk": 418,
    "fields": {
      "first_name": "Colleen",
      "last_name": "Compton",
      "academic_degree": "Master",
      "email": "floydemily@hotmail.com",
      "telephone": "8131187562"
    }
  },
  {
    "model": "teachers.teacher",
    "pk": 419,
    "fields": {
      "first_name": "Brandon",
      "last_name": "Porter",
      "academic_degree": "M.D",
      "email": "rmiller@yahoo.com",
      "telephone": "1013217688076608"
    }
  },
  {
    "model": "teachers.teacher",
    "pk": 420,
    "fields": {
      "first_name": "Paul",
      "last_name": "Roy",
      "academic_degree": "J.D.",
      "email": "hughestracy@hotmail.com",
      "telephone": "5026895613897"
    }
  },
  {
    "model": "teachers.teacher",
    "pk": 421,
    "fields": {
      "first_name": "Eric",
      "last_name": "Chandler",
      "academic_degree": "Master",
      "email": "stephenpace@gmail.com",
      "telephone": "826938114084989"
    }
  },
  {
    "model": "teachers.teacher",
    "pk": 422,
    "fields": {
      "first_name": "Mike",
      "last_name": "Smith",
      "academic_degree": "Ph.D",
      "email": "wharrington@duran-smith.com",
      "telephone": "8623201207"
    }
  },
  {
    "model": "teachers.teacher",
    "pk": 423,
    "fields": {
      "first_name": "Wendy",
      "last_name": "Anderson",
      "academic_degree": "Master",
      "email": "sbrown@yahoo.com",
      "telephone": "0013183695102102"
    }
  },
  {
    "model": "teachers.teacher",
    "pk": 424,
    "fields": {
      "first_name": "William",
      "last_name": "Fisher",
      "academic_degree": "J.D.",
      "email": "xwashington@davis.com",
      "telephone": "10643995545"
    }
  },
  {
    "model": "teachers.teacher",
    "pk": 425,
    "fields": {
      "first_name": "Alexandra",
      "last_name": "Smith",
      "academic_degree": "Master",
      "email": "amy35@martinez.com",
      "telephone": "0013059871512854"
    }
  },
  {
    "model": "teachers.teacher",
    "pk": 426,
    "fields": {
      "first_name": "Connie",
      "last_name": "Clark",
      "academic_degree": "Master",
      "email": "dianefreeman@gmail.com",
      "telephone": "89114570218070"
    }
  },
  {
    "model": "teachers.teacher",
    "pk": 427,
    "fields": {
      "first_name": "Alexis",
      "last_name": "Green",
      "academic_degree": "Master",
      "email": "phillipsjason@gmail.com",
      "telephone": "4949574774"
    }
  },
  {
    "model": "teachers.teacher",
    "pk": 428,
    "fields": {
      "first_name": "Amanda",
      "last_name": "Davis",
      "academic_degree": "J.D.",
      "email": "salinasjamie@yahoo.com",
      "telephone": "07134373516847"
    }
  },
  {
    "model": "teachers.teacher",
    "pk": 429,
    "fields": {
      "first_name": "Veronica",
      "last_name": "Smith",
      "academic_degree": "Ph.D",
      "email": "hhahn@stuart.org",
      "telephone": "45317978826416"
    }
  },
  {
    "model": "teachers.teacher",
    "pk": 430,
    "fields": {
      "first_name": "Cynthia",
      "last_name": "Burch",
      "academic_degree": "Ph.D",
      "email": "evansangela@gmail.com",
      "telephone": "584612352501914"
    }
  },
  {
    "model": "teachers.teacher",
    "pk": 431,
    "fields": {
      "first_name": "Crystal",
      "last_name": "White",
      "academic_degree": "Ph.D",
      "email": "skelly@garcia.org",
      "telephone": "00178844428804417"
    }
  },
  {
    "model": "teachers.teacher",
    "pk": 432,
    "fields": {
      "first_name": "Charles",
      "last_name": "Watson",
      "academic_degree": "M.D",
      "email": "tinafoster@gmail.com",
      "telephone": "0156053941408"
    }
  },
  {
    "model": "teachers.teacher",
    "pk": 433,
    "fields": {
      "first_name": "Anna",
      "last_name": "Martin",
      "academic_degree": "Ph.D",
      "email": "craigmelissa@matthews-ho.com",
      "telephone": "39185383694779"
    }
  },
  {
    "model": "teachers.teacher",
    "pk": 434,
    "fields": {
      "first_name": "Theresa",
      "last_name": "Perez",
      "academic_degree": "Ph.D",
      "email": "xfoley@hotmail.com",
      "telephone": "4871961962"
    }
  },
  {
    "model": "teachers.teacher",
    "pk": 435,
    "fields": {
      "first_name": "John",
      "last_name": "Parks",
      "academic_degree": "M.D",
      "email": "audrey39@galloway.com",
      "telephone": "9547265563"
    }
  },
  {
    "model": "teachers.teacher",
    "pk": 436,
    "fields": {
      "first_name": "Daniel",
      "last_name": "Valdez",
      "academic_degree": "Ph.D",
      "email": "yharris@gmail.com",
      "telephone": "0010129173725031"
    }
  },
  {
    "model": "teachers.teacher",
    "pk": 437,
    "fields": {
      "first_name": "Tiffany",
      "last_name": "Thomas",
      "academic_degree": "M.D",
      "email": "carneyjudy@wheeler.com",
      "telephone": "600809881301793"
    }
  },
  {
    "model": "teachers.teacher",
    "pk": 438,
    "fields": {
      "first_name": "Angela",
      "last_name": "Moore",
      "academic_degree": "J.D.",
      "email": "kimberlydawson@gmail.com",
      "telephone": "00177151952333332"
    }
  },
  {
    "model": "teachers.teacher",
    "pk": 439,
    "fields": {
      "first_name": "Stephen",
      "last_name": "White",
      "academic_degree": "J.D.",
      "email": "martinholly@duncan-lawson.com",
      "telephone": "3811542819654"
    }
  },
  {
    "model": "teachers.teacher",
    "pk": 440,
    "fields": {
      "first_name": "Vincent",
      "last_name": "Cooper",
      "academic_degree": "Master",
      "email": "ostone@baxter.com",
      "telephone": "797693609204706"
    }
  },
  {
    "model": "teachers.teacher",
    "pk": 441,
    "fields": {
      "first_name": "Stephanie",
      "last_name": "Miller",
      "academic_degree": "Master",
      "email": "julie22@yahoo.com",
      "telephone": "182276825512781"
    }
  },
  {
    "model": "teachers.teacher",
    "pk": 442,
    "fields": {
      "first_name": "Sharon",
      "last_name": "Ward",
      "academic_degree": "J.D.",
      "email": "chadwebster@yahoo.com",
      "telephone": "52548209887946"
    }
  },
  {
    "model": "teachers.teacher",
    "pk": 443,
    "fields": {
      "first_name": "Donald",
      "last_name": "Chang",
      "academic_degree": "J.D.",
      "email": "leestephanie@faulkner-thomas.info",
      "telephone": "2463072932"
    }
  },
  {
    "model": "teachers.teacher",
    "pk": 444,
    "fields": {
      "first_name": "Vickie",
      "last_name": "Chavez",
      "academic_degree": "J.D.",
      "email": "krystal01@wilkerson-clark.biz",
      "telephone": "58839786711936"
    }
  },
  {
    "model": "teachers.teacher",
    "pk": 445,
    "fields": {
      "first_name": "Kirsten",
      "last_name": "Williams",
      "academic_degree": "Ph.D",
      "email": "tschneider@hotmail.com",
      "telephone": "147836958638050"
    }
  },
  {
    "model": "teachers.teacher",
    "pk": 446,
    "fields": {
      "first_name": "Samuel",
      "last_name": "Brown",
      "academic_degree": "M.D",
      "email": "jamesforbes@henry-johnson.com",
      "telephone": "5361811997"
    }
  },
  {
    "model": "teachers.teacher",
    "pk": 447,
    "fields": {
      "first_name": "John",
      "last_name": "Schwartz",
      "academic_degree": "J.D.",
      "email": "angela77@bennett-garcia.com",
      "telephone": "0009720744"
    }
  },
  {
    "model": "teachers.teacher",
    "pk": 448,
    "fields": {
      "first_name": "Daniel",
      "last_name": "Watson",
      "academic_degree": "Master",
      "email": "ocox@yahoo.com",
      "telephone": "18299363149"
    }
  },
  {
    "model": "teachers.teacher",
    "pk": 449,
    "fields": {
      "first_name": "Mary",
      "last_name": "Brown",
      "academic_degree": "Master",
      "email": "swalker@hotmail.com",
      "telephone": "8790736187"
    }
  },
  {
    "model": "teachers.teacher",
    "pk": 450,
    "fields": {
      "first_name": "Brian",
      "last_name": "Nelson",
      "academic_degree": "J.D.",
      "email": "njackson@yahoo.com",
      "telephone": "1486229527728973"
    }
  },
  {
    "model": "teachers.teacher",
    "pk": 451,
    "fields": {
      "first_name": "Carla",
      "last_name": "Flowers",
      "academic_degree": "Ph.D",
      "email": "padams@yahoo.com",
      "telephone": "6735910748"
    }
  },
  {
    "model": "teachers.teacher",
    "pk": 452,
    "fields": {
      "first_name": "Jenna",
      "last_name": "Moore",
      "academic_degree": "M.D",
      "email": "juan99@hotmail.com",
      "telephone": "00123229962574245"
    }
  },
  {
    "model": "teachers.teacher",
    "pk": 453,
    "fields": {
      "first_name": "Cassandra",
      "last_name": "Nixon",
      "academic_degree": "Ph.D",
      "email": "elee@lewis-kennedy.com",
      "telephone": "9653540590729"
    }
  },
  {
    "model": "teachers.teacher",
    "pk": 454,
    "fields": {
      "first_name": "Mary",
      "last_name": "Wallace",
      "academic_degree": "Ph.D",
      "email": "bmartin@hotmail.com",
      "telephone": "6408305139"
    }
  },
  {
    "model": "teachers.teacher",
    "pk": 455,
    "fields": {
      "first_name": "Matthew",
      "last_name": "Howell",
      "academic_degree": "Ph.D",
      "email": "dsanford@hotmail.com",
      "telephone": "226230595678788"
    }
  },
  {
    "model": "teachers.teacher",
    "pk": 456,
    "fields": {
      "first_name": "Lee",
      "last_name": "Mendoza",
      "academic_degree": "J.D.",
      "email": "langrobyn@carson.com",
      "telephone": "7968843163"
    }
  },
  {
    "model": "teachers.teacher",
    "pk": 457,
    "fields": {
      "first_name": "Leslie",
      "last_name": "Brown",
      "academic_degree": "J.D.",
      "email": "heatherjones@lewis.info",
      "telephone": "4607414820"
    }
  },
  {
    "model": "teachers.teacher",
    "pk": 458,
    "fields": {
      "first_name": "Mathew",
      "last_name": "Greene",
      "academic_degree": "Master",
      "email": "shieldsjonathan@nelson.com",
      "telephone": "2236561674729"
    }
  },
  {
    "model": "teachers.teacher",
    "pk": 459,
    "fields": {
      "first_name": "Wendy",
      "last_name": "Fisher",
      "academic_degree": "Master",
      "email": "ericgonzales@ali-marquez.com",
      "telephone": "13135530081437"
    }
  },
  {
    "model": "teachers.teacher",
    "pk": 460,
    "fields": {
      "first_name": "Jeremy",
      "last_name": "Deleon",
      "academic_degree": "J.D.",
      "email": "thomashenry@hotmail.com",
      "telephone": "9133054920"
    }
  },
  {
    "model": "teachers.teacher",
    "pk": 461,
    "fields": {
      "first_name": "Travis",
      "last_name": "Robinson",
      "academic_degree": "M.D",
      "email": "kellersonya@jefferson-nixon.org",
      "telephone": "1284934675"
    }
  },
  {
    "model": "teachers.teacher",
    "pk": 462,
    "fields": {
      "first_name": "Sarah",
      "last_name": "Dougherty",
      "academic_degree": "Ph.D",
      "email": "baileymatthew@oconnor-baker.info",
      "telephone": "0020047771"
    }
  },
  {
    "model": "teachers.teacher",
    "pk": 463,
    "fields": {
      "first_name": "Mark",
      "last_name": "Maxwell",
      "academic_degree": "Master",
      "email": "steveboyle@gmail.com",
      "telephone": "001887897574927947"
    }
  },
  {
    "model": "teachers.teacher",
    "pk": 464,
    "fields": {
      "first_name": "Aaron",
      "last_name": "Mitchell",
      "academic_degree": "J.D.",
      "email": "ayalakatherine@gmail.com",
      "telephone": "303518894647368"
    }
  },
  {
    "model": "teachers.teacher",
    "pk": 465,
    "fields": {
      "first_name": "Shannon",
      "last_name": "Wallace",
      "academic_degree": "M.D",
      "email": "csmith@thomas-thomas.com",
      "telephone": "4942029423"
    }
  },
  {
    "model": "teachers.teacher",
    "pk": 466,
    "fields": {
      "first_name": "Dean",
      "last_name": "Gates",
      "academic_degree": "J.D.",
      "email": "owensashley@arroyo.org",
      "telephone": "7891442249"
    }
  },
  {
    "model": "teachers.teacher",
    "pk": 467,
    "fields": {
      "first_name": "Kaitlyn",
      "last_name": "Hudson",
      "academic_degree": "M.D",
      "email": "allison85@yahoo.com",
      "telephone": "1434616009908335"
    }
  },
  {
    "model": "teachers.teacher",
    "pk": 468,
    "fields": {
      "first_name": "Cheryl",
      "last_name": "Daniel",
      "academic_degree": "Ph.D",
      "email": "johnrice@monroe.com",
      "telephone": "8399704032"
    }
  },
  {
    "model": "teachers.teacher",
    "pk": 469,
    "fields": {
      "first_name": "Laura",
      "last_name": "Gaines",
      "academic_degree": "Master",
      "email": "abell@lyons.com",
      "telephone": "12847665590781"
    }
  },
  {
    "model": "teachers.teacher",
    "pk": 470,
    "fields": {
      "first_name": "Sarah",
      "last_name": "Klein",
      "academic_degree": "Ph.D",
      "email": "ujohns@mckenzie.com",
      "telephone": "1200025522954726"
    }
  },
  {
    "model": "teachers.teacher",
    "pk": 471,
    "fields": {
      "first_name": "Daniel",
      "last_name": "Kim",
      "academic_degree": "J.D.",
      "email": "luke96@hotmail.com",
      "telephone": "27335617657944"
    }
  },
  {
    "model": "teachers.teacher",
    "pk": 472,
    "fields": {
      "first_name": "Chris",
      "last_name": "Blanchard",
      "academic_degree": "J.D.",
      "email": "thomasashley@yahoo.com",
      "telephone": "126975729750831"
    }
  },
  {
    "model": "teachers.teacher",
    "pk": 473,
    "fields": {
      "first_name": "Johnny",
      "last_name": "Vega",
      "academic_degree": "J.D.",
      "email": "lindseywilliam@hotmail.com",
      "telephone": "1774007633"
    }
  },
  {
    "model": "teachers.teacher",
    "pk": 474,
    "fields": {
      "first_name": "Stephanie",
      "last_name": "Hall",
      "academic_degree": "Ph.D",
      "email": "smithdaniel@young.biz",
      "telephone": "81502739876061"
    }
  },
  {
    "model": "teachers.teacher",
    "pk": 475,
    "fields": {
      "first_name": "James",
      "last_name": "Williams",
      "academic_degree": "Master",
      "email": "charleswilson@osborne-hancock.com",
      "telephone": "9577487379"
    }
  },
  {
    "model": "teachers.teacher",
    "pk": 476,
    "fields": {
      "first_name": "Robin",
      "last_name": "Lloyd",
      "academic_degree": "M.D",
      "email": "caseysimpson@pham.com",
      "telephone": "3832694807"
    }
  },
  {
    "model": "teachers.teacher",
    "pk": 477,
    "fields": {
      "first_name": "Michael",
      "last_name": "Bass",
      "academic_degree": "Master",
      "email": "deantorres@peterson.com",
      "telephone": "1739405242216726"
    }
  },
  {
    "model": "teachers.teacher",
    "pk": 478,
    "fields": {
      "first_name": "Scott",
      "last_name": "Castillo",
      "academic_degree": "Ph.D",
      "email": "apugh@yahoo.com",
      "telephone": "8859921760416"
    }
  },
  {
    "model": "teachers.teacher",
    "pk": 479,
    "fields": {
      "first_name": "Timothy",
      "last_name": "Freeman",
      "academic_degree": "Ph.D",
      "email": "barellano@yahoo.com",
      "telephone": "839986407567342"
    }
  },
  {
    "model": "teachers.teacher",
    "pk": 480,
    "fields": {
      "first_name": "Jennifer",
      "last_name": "Cherry",
      "academic_degree": "Ph.D",
      "email": "garnerjohn@rodriguez-jackson.com",
      "telephone": "1660727544"
    }
  },
  {
    "model": "teachers.teacher",
    "pk": 481,
    "fields": {
      "first_name": "Eric",
      "last_name": "Johnson",
      "academic_degree": "M.D",
      "email": "jennifer43@gmail.com",
      "telephone": "831620468794270"
    }
  },
  {
    "model": "teachers.teacher",
    "pk": 482,
    "fields": {
      "first_name": "Jennifer",
      "last_name": "Schwartz",
      "academic_degree": "Master",
      "email": "charlesyoung@medina-schmidt.biz",
      "telephone": "3378749811825"
    }
  },
  {
    "model": "teachers.teacher",
    "pk": 483,
    "fields": {
      "first_name": "Dustin",
      "last_name": "Smith",
      "academic_degree": "J.D.",
      "email": "ddavidson@gmail.com",
      "telephone": "0220016144383"
    }
  },
  {
    "model": "teachers.teacher",
    "pk": 484,
    "fields": {
      "first_name": "Michael",
      "last_name": "Smith",
      "academic_degree": "Master",
      "email": "browncarolyn@hotmail.com",
      "telephone": "4648050983547"
    }
  },
  {
    "model": "teachers.teacher",
    "pk": 485,
    "fields": {
      "first_name": "Jason",
      "last_name": "Rodgers",
      "academic_degree": "Ph.D",
      "email": "kayla78@richardson-howell.com",
      "telephone": "9466766247"
    }
  },
  {
    "model": "teachers.teacher",
    "pk": 486,
    "fields": {
      "first_name": "Sandra",
      "last_name": "Anderson",
      "academic_degree": "M.D",
      "email": "kellysullivan@kim.com",
      "telephone": "1981668652"
    }
  },
  {
    "model": "teachers.teacher",
    "pk": 487,
    "fields": {
      "first_name": "Matthew",
      "last_name": "Turner",
      "academic_degree": "Master",
      "email": "juliebraun@west-snow.info",
      "telephone": "3004780588"
    }
  },
  {
    "model": "teachers.teacher",
    "pk": 488,
    "fields": {
      "first_name": "Jamie",
      "last_name": "Burgess",
      "academic_degree": "J.D.",
      "email": "amber34@hotmail.com",
      "telephone": "96147048441167"
    }
  },
  {
    "model": "teachers.teacher",
    "pk": 489,
    "fields": {
      "first_name": "Matthew",
      "last_name": "Campos",
      "academic_degree": "Master",
      "email": "echerry@crane.com",
      "telephone": "0018499771825114"
    }
  },
  {
    "model": "teachers.teacher",
    "pk": 490,
    "fields": {
      "first_name": "Kristina",
      "last_name": "Gonzalez",
      "academic_degree": "J.D.",
      "email": "jennifersmith@hotmail.com",
      "telephone": "984627708617504"
    }
  },
  {
    "model": "teachers.teacher",
    "pk": 491,
    "fields": {
      "first_name": "Jo",
      "last_name": "White",
      "academic_degree": "Master",
      "email": "eric44@gmail.com",
      "telephone": "233526606714356"
    }
  },
  {
    "model": "teachers.teacher",
    "pk": 492,
    "fields": {
      "first_name": "Kevin",
      "last_name": "Gallegos",
      "academic_degree": "Master",
      "email": "aaron53@torres.org",
      "telephone": "0439530580"
    }
  },
  {
    "model": "teachers.teacher",
    "pk": 493,
    "fields": {
      "first_name": "Kevin",
      "last_name": "Cox",
      "academic_degree": "Ph.D",
      "email": "brianjohnson@payne.com",
      "telephone": "1515330377537341"
    }
  },
  {
    "model": "teachers.teacher",
    "pk": 494,
    "fields": {
      "first_name": "Angela",
      "last_name": "Richardson",
      "academic_degree": "Master",
      "email": "brian73@christensen-meyer.net",
      "telephone": "10908068563740"
    }
  },
  {
    "model": "teachers.teacher",
    "pk": 495,
    "fields": {
      "first_name": "Kenneth",
      "last_name": "Haynes",
      "academic_degree": "J.D.",
      "email": "christophermerritt@yahoo.com",
      "telephone": "2421021576481"
    }
  },
  {
    "model": "teachers.teacher",
    "pk": 496,
    "fields": {
      "first_name": "Stacey",
      "last_name": "Armstrong",
      "academic_degree": "J.D.",
      "email": "scurtis@yahoo.com",
      "telephone": "0019240744042"
    }
  },
  {
    "model": "teachers.teacher",
    "pk": 497,
    "fields": {
      "first_name": "Amber",
      "last_name": "Henderson",
      "academic_degree": "Ph.D",
      "email": "richtimothy@hotmail.com",
      "telephone": "4561273496"
    }
  },
  {
    "model": "teachers.teacher",
    "pk": 498,
    "fields": {
      "first_name": "Kelli",
      "last_name": "Anderson",
      "academic_degree": "J.D.",
      "email": "michaelbyrd@yahoo.com",
      "telephone": "1165825858528167"
    }
  },
  {
    "model": "teachers.teacher",
    "pk": 499,
    "fields": {
      "first_name": "Carla",
      "last_name": "Lopez",
      "academic_degree": "M.D",
      "email": "gyoung@liu-moreno.com",
      "telephone": "11071245646"
    }
  },
  {
    "model": "teachers.teacher",
    "pk": 500,
    "fields": {
      "first_name": "Michael",
      "last_name": "Lewis",
      "academic_degree": "Ph.D",
      "email": "jenniferbird@martinez.com",
      "telephone": "8356386183079"
    }
  },
  {
    "model": "teachers.teacher",
    "pk": 501,
    "fields": {
      "first_name": "Anthony",
      "last_name": "Peck",
      "academic_degree": "M.D",
      "email": "cynthiahammond@gmail.com",
      "telephone": "15240713226612"
    }
  },
  {
    "model": "teachers.teacher",
    "pk": 502,
    "fields": {
      "first_name": "Rachel",
      "last_name": "Mitchell",
      "academic_degree": "Ph.D",
      "email": "felicia72@hotmail.com",
      "telephone": "1881937725"
    }
  },
  {
    "model": "teachers.teacher",
    "pk": 503,
    "fields": {
      "first_name": "Amy",
      "last_name": "Miller",
      "academic_degree": "Master",
      "email": "patricia49@duran-butler.com",
      "telephone": "1369887391882899"
    }
  },
  {
    "model": "teachers.teacher",
    "pk": 504,
    "fields": {
      "first_name": "Michael",
      "last_name": "Anderson",
      "academic_degree": "Master",
      "email": "ujohnson@graham.com",
      "telephone": "2270595674"
    }
  },
  {
    "model": "teachers.teacher",
    "pk": 505,
    "fields": {
      "first_name": "Bryan",
      "last_name": "Castro",
      "academic_degree": "Master",
      "email": "kara23@clark.info",
      "telephone": "00156307725241525"
    }
  },
  {
    "model": "teachers.teacher",
    "pk": 506,
    "fields": {
      "first_name": "Rebecca",
      "last_name": "Castillo",
      "academic_degree": "M.D",
      "email": "wryan@kelley-lang.net",
      "telephone": "109891921630827"
    }
  },
  {
    "model": "teachers.teacher",
    "pk": 507,
    "fields": {
      "first_name": "Gary",
      "last_name": "Williams",
      "academic_degree": "Master",
      "email": "kevingarner@hotmail.com",
      "telephone": "1493287211"
    }
  },
  {
    "model": "teachers.teacher",
    "pk": 508,
    "fields": {
      "first_name": "Theodore",
      "last_name": "Roberts",
      "academic_degree": "M.D",
      "email": "cassiequinn@yahoo.com",
      "telephone": "3625740267546"
    }
  },
  {
    "model": "teachers.teacher",
    "pk": 509,
    "fields": {
      "first_name": "Colleen",
      "last_name": "Woodard",
      "academic_degree": "M.D",
      "email": "hwade@hotmail.com",
      "telephone": "47347333073209"
    }
  },
  {
    "model": "teachers.teacher",
    "pk": 510,
    "fields": {
      "first_name": "Todd",
      "last_name": "Chavez",
      "academic_degree": "J.D.",
      "email": "deckerlisa@hotmail.com",
      "telephone": "6392936886"
    }
  },
  {
    "model": "teachers.teacher",
    "pk": 511,
    "fields": {
      "first_name": "Natalie",
      "last_name": "Jones",
      "academic_degree": "J.D.",
      "email": "wilsonmark@barrett.net",
      "telephone": "04440224083959"
    }
  },
  {
    "model": "teachers.teacher",
    "pk": 512,
    "fields": {
      "first_name": "Richard",
      "last_name": "Juarez",
      "academic_degree": "Master",
      "email": "jblankenship@gmail.com",
      "telephone": "118022538174561"
    }
  },
  {
    "model": "teachers.teacher",
    "pk": 513,
    "fields": {
      "first_name": "Nathan",
      "last_name": "Austin",
      "academic_degree": "M.D",
      "email": "charleslane@gmail.com",
      "telephone": "53240967059648"
    }
  },
  {
    "model": "teachers.teacher",
    "pk": 514,
    "fields": {
      "first_name": "Yvonne",
      "last_name": "Marks",
      "academic_degree": "Ph.D",
      "email": "jennifer47@yahoo.com",
      "telephone": "13334957222"
    }
  },
  {
    "model": "teachers.teacher",
    "pk": 515,
    "fields": {
      "first_name": "Lauren",
      "last_name": "Mccoy",
      "academic_degree": "J.D.",
      "email": "frankschmidt@bright.com",
      "telephone": "124868131534296"
    }
  },
  {
    "model": "teachers.teacher",
    "pk": 516,
    "fields": {
      "first_name": "Julian",
      "last_name": "Wise",
      "academic_degree": "M.D",
      "email": "ubryant@gmail.com",
      "telephone": "130648353438092"
    }
  },
  {
    "model": "teachers.teacher",
    "pk": 517,
    "fields": {
      "first_name": "Joel",
      "last_name": "Allen",
      "academic_degree": "M.D",
      "email": "carriebrock@hotmail.com",
      "telephone": "4202984670"
    }
  },
  {
    "model": "teachers.teacher",
    "pk": 518,
    "fields": {
      "first_name": "Benjamin",
      "last_name": "Richardson",
      "academic_degree": "J.D.",
      "email": "johnsonrobert@allen.com",
      "telephone": "1829301236255836"
    }
  },
  {
    "model": "teachers.teacher",
    "pk": 519,
    "fields": {
      "first_name": "Brittany",
      "last_name": "Lewis",
      "academic_degree": "J.D.",
      "email": "taylorpatrick@yahoo.com",
      "telephone": "3268223050"
    }
  },
  {
    "model": "teachers.teacher",
    "pk": 520,
    "fields": {
      "first_name": "Wesley",
      "last_name": "Mack",
      "academic_degree": "M.D",
      "email": "paullewis@yahoo.com",
      "telephone": "7624799665"
    }
  },
  {
    "model": "teachers.teacher",
    "pk": 521,
    "fields": {
      "first_name": "Kim",
      "last_name": "Fitzgerald",
      "academic_degree": "J.D.",
      "email": "fullerlaura@hanson-burns.com",
      "telephone": "087821399488980"
    }
  },
  {
    "model": "teachers.teacher",
    "pk": 522,
    "fields": {
      "first_name": "Ernest",
      "last_name": "Ferrell",
      "academic_degree": "Master",
      "email": "harrisbrittany@avila.com",
      "telephone": "0682556877"
    }
  },
  {
    "model": "teachers.teacher",
    "pk": 523,
    "fields": {
      "first_name": "Cheyenne",
      "last_name": "Thomas",
      "academic_degree": "Ph.D",
      "email": "ymercer@gmail.com",
      "telephone": "31875646872519"
    }
  },
  {
    "model": "teachers.teacher",
    "pk": 524,
    "fields": {
      "first_name": "Sarah",
      "last_name": "Sims",
      "academic_degree": "Ph.D",
      "email": "nguyenjoshua@gmail.com",
      "telephone": "0609076052"
    }
  },
  {
    "model": "teachers.teacher",
    "pk": 525,
    "fields": {
      "first_name": "Jennifer",
      "last_name": "Kline",
      "academic_degree": "Master",
      "email": "castanedamichael@kemp-stewart.org",
      "telephone": "9579224366"
    }
  },
  {
    "model": "teachers.teacher",
    "pk": 526,
    "fields": {
      "first_name": "Catherine",
      "last_name": "Delacruz",
      "academic_degree": "Ph.D",
      "email": "jimenezthomas@hotmail.com",
      "telephone": "1416394985404673"
    }
  },
  {
    "model": "teachers.teacher",
    "pk": 527,
    "fields": {
      "first_name": "Christine",
      "last_name": "Buckley",
      "academic_degree": "Ph.D",
      "email": "raymichelle@hotmail.com",
      "telephone": "00146591182220107"
    }
  },
  {
    "model": "teachers.teacher",
    "pk": 528,
    "fields": {
      "first_name": "Sharon",
      "last_name": "Evans",
      "academic_degree": "J.D.",
      "email": "kenneththomas@yahoo.com",
      "telephone": "0496783927274"
    }
  },
  {
    "model": "teachers.teacher",
    "pk": 529,
    "fields": {
      "first_name": "Raymond",
      "last_name": "Lopez",
      "academic_degree": "Ph.D",
      "email": "rleonard@yahoo.com",
      "telephone": "8954341282"
    }
  },
  {
    "model": "teachers.teacher",
    "pk": 530,
    "fields": {
      "first_name": "Elizabeth",
      "last_name": "Cabrera",
      "academic_degree": "Ph.D",
      "email": "gregoryortiz@lee.com",
      "telephone": "0010679120336253"
    }
  },
  {
    "model": "teachers.teacher",
    "pk": 531,
    "fields": {
      "first_name": "Erin",
      "last_name": "Watson",
      "academic_degree": "J.D.",
      "email": "uknight@ramos.biz",
      "telephone": "4817487451"
    }
  },
  {
    "model": "teachers.teacher",
    "pk": 532,
    "fields": {
      "first_name": "Michael",
      "last_name": "King",
      "academic_degree": "J.D.",
      "email": "isaacnichols@palmer.biz",
      "telephone": "13714763378468"
    }
  },
  {
    "model": "teachers.teacher",
    "pk": 533,
    "fields": {
      "first_name": "Katherine",
      "last_name": "Gordon",
      "academic_degree": "Ph.D",
      "email": "wilsonmicheal@freeman.com",
      "telephone": "001175994901445272"
    }
  },
  {
    "model": "teachers.teacher",
    "pk": 534,
    "fields": {
      "first_name": "Billy",
      "last_name": "Murphy",
      "academic_degree": "M.D",
      "email": "gallegoscynthia@griffin.com",
      "telephone": "1679717745"
    }
  },
  {
    "model": "teachers.teacher",
    "pk": 535,
    "fields": {
      "first_name": "Matthew",
      "last_name": "Shaw",
      "academic_degree": "J.D.",
      "email": "clarktammy@clark-haas.com",
      "telephone": "15332459146"
    }
  },
  {
    "model": "teachers.teacher",
    "pk": 536,
    "fields": {
      "first_name": "Nicolas",
      "last_name": "Rodriguez",
      "academic_degree": "M.D",
      "email": "shawmelissa@yahoo.com",
      "telephone": "14256680841"
    }
  },
  {
    "model": "teachers.teacher",
    "pk": 537,
    "fields": {
      "first_name": "Andrea",
      "last_name": "Allen",
      "academic_degree": "J.D.",
      "email": "bakerisabel@gmail.com",
      "telephone": "8029430372"
    }
  },
  {
    "model": "teachers.teacher",
    "pk": 538,
    "fields": {
      "first_name": "Meagan",
      "last_name": "Benson",
      "academic_degree": "Ph.D",
      "email": "brownsean@hotmail.com",
      "telephone": "1833217621568333"
    }
  },
  {
    "model": "teachers.teacher",
    "pk": 539,
    "fields": {
      "first_name": "Kelly",
      "last_name": "Swanson",
      "academic_degree": "Master",
      "email": "fcameron@gonzalez-lucas.com",
      "telephone": "580125652318917"
    }
  },
  {
    "model": "teachers.teacher",
    "pk": 540,
    "fields": {
      "first_name": "David",
      "last_name": "Gonzales",
      "academic_degree": "Master",
      "email": "millermatthew@gmail.com",
      "telephone": "001527840595423982"
    }
  },
  {
    "model": "teachers.teacher",
    "pk": 541,
    "fields": {
      "first_name": "Kathy",
      "last_name": "Peters",
      "academic_degree": "J.D.",
      "email": "nancy88@bruce.com",
      "telephone": "1155614856887369"
    }
  },
  {
    "model": "teachers.teacher",
    "pk": 542,
    "fields": {
      "first_name": "Brittany",
      "last_name": "Andrews",
      "academic_degree": "Master",
      "email": "jessicacarter@gmail.com",
      "telephone": "0019205787447"
    }
  },
  {
    "model": "teachers.teacher",
    "pk": 543,
    "fields": {
      "first_name": "Nina",
      "last_name": "Morales",
      "academic_degree": "J.D.",
      "email": "jeremy27@yahoo.com",
      "telephone": "59075375797521"
    }
  },
  {
    "model": "teachers.teacher",
    "pk": 544,
    "fields": {
      "first_name": "Alyssa",
      "last_name": "Goodwin",
      "academic_degree": "M.D",
      "email": "lindsay42@gmail.com",
      "telephone": "13421202694049"
    }
  },
  {
    "model": "teachers.teacher",
    "pk": 545,
    "fields": {
      "first_name": "Randall",
      "last_name": "Rice",
      "academic_degree": "Ph.D",
      "email": "fnavarro@gmail.com",
      "telephone": "8103256474896"
    }
  },
  {
    "model": "teachers.teacher",
    "pk": 546,
    "fields": {
      "first_name": "Isaac",
      "last_name": "Ward",
      "academic_degree": "J.D.",
      "email": "spencercandice@gmail.com",
      "telephone": "50760647152306"
    }
  },
  {
    "model": "teachers.teacher",
    "pk": 547,
    "fields": {
      "first_name": "Christina",
      "last_name": "Thomas",
      "academic_degree": "Ph.D",
      "email": "frank67@hotmail.com",
      "telephone": "2648129470"
    }
  },
  {
    "model": "teachers.teacher",
    "pk": 548,
    "fields": {
      "first_name": "Steven",
      "last_name": "Perez",
      "academic_degree": "Master",
      "email": "cfrank@gmail.com",
      "telephone": "1945162008"
    }
  },
  {
    "model": "teachers.teacher",
    "pk": 549,
    "fields": {
      "first_name": "Michael",
      "last_name": "Ramos",
      "academic_degree": "M.D",
      "email": "mhooper@gmail.com",
      "telephone": "929362986437087"
    }
  },
  {
    "model": "teachers.teacher",
    "pk": 550,
    "fields": {
      "first_name": "Ellen",
      "last_name": "Medina",
      "academic_degree": "J.D.",
      "email": "garymoon@robinson-thompson.com",
      "telephone": "00155864716377743"
    }
  },
  {
    "model": "teachers.teacher",
    "pk": 551,
    "fields": {
      "first_name": "Bruce",
      "last_name": "Lloyd",
      "academic_degree": "M.D",
      "email": "amanda95@gmail.com",
      "telephone": "9778790867"
    }
  },
  {
    "model": "teachers.teacher",
    "pk": 552,
    "fields": {
      "first_name": "Thomas",
      "last_name": "Mcintosh",
      "academic_degree": "M.D",
      "email": "qolson@martin-duffy.com",
      "telephone": "094738352103793"
    }
  },
  {
    "model": "teachers.teacher",
    "pk": 553,
    "fields": {
      "first_name": "Alexis",
      "last_name": "Davis",
      "academic_degree": "Master",
      "email": "ylopez@perez.com",
      "telephone": "77829628902991"
    }
  },
  {
    "model": "teachers.teacher",
    "pk": 554,
    "fields": {
      "first_name": "Paul",
      "last_name": "Taylor",
      "academic_degree": "Master",
      "email": "amber96@liu-campbell.com",
      "telephone": "0399227359"
    }
  },
  {
    "model": "teachers.teacher",
    "pk": 555,
    "fields": {
      "first_name": "Lindsey",
      "last_name": "Copeland",
      "academic_degree": "M.D",
      "email": "andrewhenderson@hughes-lawrence.org",
      "telephone": "2673741316"
    }
  },
  {
    "model": "teachers.teacher",
    "pk": 556,
    "fields": {
      "first_name": "Donna",
      "last_name": "Wagner",
      "academic_degree": "Ph.D",
      "email": "jason15@gonzalez-james.info",
      "telephone": "3491727980"
    }
  },
  {
    "model": "teachers.teacher",
    "pk": 557,
    "fields": {
      "first_name": "Richard",
      "last_name": "Jones",
      "academic_degree": "M.D",
      "email": "arobles@yahoo.com",
      "telephone": "151048696794593"
    }
  },
  {
    "model": "teachers.teacher",
    "pk": 558,
    "fields": {
      "first_name": "Joshua",
      "last_name": "Nguyen",
      "academic_degree": "J.D.",
      "email": "parkerjoel@hotmail.com",
      "telephone": "1439604403"
    }
  },
  {
    "model": "teachers.teacher",
    "pk": 559,
    "fields": {
      "first_name": "Madison",
      "last_name": "Wilson",
      "academic_degree": "M.D",
      "email": "xcox@ryan-nguyen.biz",
      "telephone": "1923416970"
    }
  },
  {
    "model": "teachers.teacher",
    "pk": 560,
    "fields": {
      "first_name": "Michelle",
      "last_name": "Church",
      "academic_degree": "J.D.",
      "email": "andre06@hotmail.com",
      "telephone": "71825758054901"
    }
  },
  {
    "model": "teachers.teacher",
    "pk": 561,
    "fields": {
      "first_name": "Christopher",
      "last_name": "Reyes",
      "academic_degree": "M.D",
      "email": "wbrown@gmail.com",
      "telephone": "2249276033"
    }
  },
  {
    "model": "teachers.teacher",
    "pk": 562,
    "fields": {
      "first_name": "Kyle",
      "last_name": "Shah",
      "academic_degree": "Master",
      "email": "thomaskeith@pitts.org",
      "telephone": "18592265348"
    }
  },
  {
    "model": "teachers.teacher",
    "pk": 563,
    "fields": {
      "first_name": "Lori",
      "last_name": "Waller",
      "academic_degree": "Ph.D",
      "email": "harrisjoseph@rivera.com",
      "telephone": "001439437233371586"
    }
  },
  {
    "model": "teachers.teacher",
    "pk": 564,
    "fields": {
      "first_name": "Jennifer",
      "last_name": "Olsen",
      "academic_degree": "M.D",
      "email": "james88@johnson.com",
      "telephone": "0428892305"
    }
  },
  {
    "model": "teachers.teacher",
    "pk": 565,
    "fields": {
      "first_name": "Jimmy",
      "last_name": "Roy",
      "academic_degree": "Master",
      "email": "jennifer49@hotmail.com",
      "telephone": "00169432996729890"
    }
  },
  {
    "model": "teachers.teacher",
    "pk": 566,
    "fields": {
      "first_name": "Jason",
      "last_name": "Anderson",
      "academic_degree": "M.D",
      "email": "twillis@gmail.com",
      "telephone": "8752297895855"
    }
  },
  {
    "model": "teachers.teacher",
    "pk": 567,
    "fields": {
      "first_name": "Olivia",
      "last_name": "Haynes",
      "academic_degree": "M.D",
      "email": "jillalvarez@yahoo.com",
      "telephone": "9391335338186"
    }
  },
  {
    "model": "teachers.teacher",
    "pk": 568,
    "fields": {
      "first_name": "Angela",
      "last_name": "Reed",
      "academic_degree": "Ph.D",
      "email": "catherine59@jackson-evans.com",
      "telephone": "7825454345443"
    }
  },
  {
    "model": "teachers.teacher",
    "pk": 569,
    "fields": {
      "first_name": "Sonya",
      "last_name": "Montgomery",
      "academic_degree": "M.D",
      "email": "cgonzalez@hotmail.com",
      "telephone": "7134002120193"
    }
  },
  {
    "model": "teachers.teacher",
    "pk": 570,
    "fields": {
      "first_name": "Margaret",
      "last_name": "Dean",
      "academic_degree": "M.D",
      "email": "tstrong@gmail.com",
      "telephone": "3573655597"
    }
  },
  {
    "model": "teachers.teacher",
    "pk": 571,
    "fields": {
      "first_name": "Jennifer",
      "last_name": "Wilson",
      "academic_degree": "Master",
      "email": "hernandezmario@gmail.com",
      "telephone": "0013551976784"
    }
  },
  {
    "model": "teachers.teacher",
    "pk": 572,
    "fields": {
      "first_name": "Kenneth",
      "last_name": "Garrett",
      "academic_degree": "J.D.",
      "email": "bettymitchell@yahoo.com",
      "telephone": "291864625053928"
    }
  },
  {
    "model": "teachers.teacher",
    "pk": 573,
    "fields": {
      "first_name": "Rebecca",
      "last_name": "Rubio",
      "academic_degree": "Ph.D",
      "email": "johnsonjennifer@ramirez.info",
      "telephone": "905462845062167"
    }
  },
  {
    "model": "teachers.teacher",
    "pk": 574,
    "fields": {
      "first_name": "Tyler",
      "last_name": "Gregory",
      "academic_degree": "M.D",
      "email": "iharris@wong.com",
      "telephone": "0016815261975"
    }
  },
  {
    "model": "teachers.teacher",
    "pk": 575,
    "fields": {
      "first_name": "Melissa",
      "last_name": "Anderson",
      "academic_degree": "J.D.",
      "email": "rogerserrano@martinez.com",
      "telephone": "2616602619"
    }
  },
  {
    "model": "teachers.teacher",
    "pk": 576,
    "fields": {
      "first_name": "Tanya",
      "last_name": "Rivera",
      "academic_degree": "Master",
      "email": "josephsantos@soto-mullins.com",
      "telephone": "8977096853"
    }
  },
  {
    "model": "teachers.teacher",
    "pk": 577,
    "fields": {
      "first_name": "Kellie",
      "last_name": "Roberts",
      "academic_degree": "Master",
      "email": "brady15@martinez-bryant.com",
      "telephone": "0017401212504"
    }
  },
  {
    "model": "teachers.teacher",
    "pk": 578,
    "fields": {
      "first_name": "Michael",
      "last_name": "Fuentes",
      "academic_degree": "J.D.",
      "email": "twinters@gmail.com",
      "telephone": "20050631709299"
    }
  },
  {
    "model": "teachers.teacher",
    "pk": 579,
    "fields": {
      "first_name": "Nichole",
      "last_name": "Becker",
      "academic_degree": "M.D",
      "email": "kfitzpatrick@nichols.net",
      "telephone": "8231339453"
    }
  },
  {
    "model": "teachers.teacher",
    "pk": 580,
    "fields": {
      "first_name": "Kimberly",
      "last_name": "Johnson",
      "academic_degree": "Ph.D",
      "email": "byrdhunter@smith.com",
      "telephone": "4430677195"
    }
  },
  {
    "model": "teachers.teacher",
    "pk": 581,
    "fields": {
      "first_name": "Megan",
      "last_name": "Walker",
      "academic_degree": "Ph.D",
      "email": "yjimenez@hotmail.com",
      "telephone": "0010090299412247"
    }
  },
  {
    "model": "teachers.teacher",
    "pk": 582,
    "fields": {
      "first_name": "Joseph",
      "last_name": "Carter",
      "academic_degree": "J.D.",
      "email": "garrettdavis@yahoo.com",
      "telephone": "17389342531745"
    }
  },
  {
    "model": "teachers.teacher",
    "pk": 583,
    "fields": {
      "first_name": "Christian",
      "last_name": "Stevenson",
      "academic_degree": "Master",
      "email": "fdawson@castro.biz",
      "telephone": "3324542124566"
    }
  },
  {
    "model": "teachers.teacher",
    "pk": 584,
    "fields": {
      "first_name": "Brad",
      "last_name": "Walker",
      "academic_degree": "M.D",
      "email": "lindsayodonnell@barker.com",
      "telephone": "0019300948475"
    }
  },
  {
    "model": "teachers.teacher",
    "pk": 585,
    "fields": {
      "first_name": "Charles",
      "last_name": "Howe",
      "academic_degree": "J.D.",
      "email": "vasquezheidi@yahoo.com",
      "telephone": "16000931957888"
    }
  },
  {
    "model": "teachers.teacher",
    "pk": 586,
    "fields": {
      "first_name": "Jason",
      "last_name": "Graves",
      "academic_degree": "Master",
      "email": "briannamcgee@hernandez.net",
      "telephone": "3255225718659"
    }
  },
  {
    "model": "teachers.teacher",
    "pk": 587,
    "fields": {
      "first_name": "Betty",
      "last_name": "Miller",
      "academic_degree": "J.D.",
      "email": "toddfrederick@hotmail.com",
      "telephone": "4455357891"
    }
  },
  {
    "model": "teachers.teacher",
    "pk": 588,
    "fields": {
      "first_name": "Jennifer",
      "last_name": "Stanley",
      "academic_degree": "Ph.D",
      "email": "jason01@ryan-williams.com",
      "telephone": "0013970383776987"
    }
  },
  {
    "model": "teachers.teacher",
    "pk": 589,
    "fields": {
      "first_name": "Roy",
      "last_name": "Crawford",
      "academic_degree": "M.D",
      "email": "stephen00@yahoo.com",
      "telephone": "0829767734"
    }
  },
  {
    "model": "teachers.teacher",
    "pk": 590,
    "fields": {
      "first_name": "Tiffany",
      "last_name": "Olsen",
      "academic_degree": "Ph.D",
      "email": "jeffrey00@clark.info",
      "telephone": "144266633788134"
    }
  },
  {
    "model": "teachers.teacher",
    "pk": 591,
    "fields": {
      "first_name": "Catherine",
      "last_name": "Phillips",
      "academic_degree": "Ph.D",
      "email": "rshannon@johnson.org",
      "telephone": "237807479104120"
    }
  },
  {
    "model": "teachers.teacher",
    "pk": 592,
    "fields": {
      "first_name": "Robert",
      "last_name": "Wood",
      "academic_degree": "Ph.D",
      "email": "nicholas55@gmail.com",
      "telephone": "8122279304"
    }
  },
  {
    "model": "teachers.teacher",
    "pk": 593,
    "fields": {
      "first_name": "Darrell",
      "last_name": "Oconnor",
      "academic_degree": "Ph.D",
      "email": "timothy96@gmail.com",
      "telephone": "2065622835"
    }
  },
  {
    "model": "teachers.teacher",
    "pk": 594,
    "fields": {
      "first_name": "Meghan",
      "last_name": "Davenport",
      "academic_degree": "Ph.D",
      "email": "michael02@allen-watkins.com",
      "telephone": "001176289003518280"
    }
  },
  {
    "model": "teachers.teacher",
    "pk": 595,
    "fields": {
      "first_name": "Vincent",
      "last_name": "Williams",
      "academic_degree": "J.D.",
      "email": "marcus91@gmail.com",
      "telephone": "0474060134"
    }
  },
  {
    "model": "teachers.teacher",
    "pk": 596,
    "fields": {
      "first_name": "Kathleen",
      "last_name": "Mason",
      "academic_degree": "J.D.",
      "email": "iallen@taylor.net",
      "telephone": "12479318725"
    }
  },
  {
    "model": "teachers.teacher",
    "pk": 597,
    "fields": {
      "first_name": "Michael",
      "last_name": "Chapman",
      "academic_degree": "M.D",
      "email": "aguilarbarbara@schneider.info",
      "telephone": "5301946584426"
    }
  },
  {
    "model": "teachers.teacher",
    "pk": 598,
    "fields": {
      "first_name": "Jesse",
      "last_name": "Snyder",
      "academic_degree": "Ph.D",
      "email": "anthony08@williams.com",
      "telephone": "330543389630607"
    }
  },
  {
    "model": "teachers.teacher",
    "pk": 599,
    "fields": {
      "first_name": "Chase",
      "last_name": "Warren",
      "academic_degree": "Master",
      "email": "benjamintaylor@hotmail.com",
      "telephone": "3913393030"
    }
  },
  {
    "model": "teachers.teacher",
    "pk": 600,
    "fields": {
      "first_name": "Lisa",
      "last_name": "Hoover",
      "academic_degree": "J.D.",
      "email": "ayalamelissa@vargas.com",
      "telephone": "1734837208"
    }
  },
  {
    "model": "teachers.teacher",
    "pk": 601,
    "fields": {
      "first_name": "Melissa",
      "last_name": "Rivera",
      "academic_degree": "Ph.D",
      "email": "parkermartin@yahoo.com",
      "telephone": "14703207028505"
    }
  },
  {
    "model": "teachers.teacher",
    "pk": 602,
    "fields": {
      "first_name": "Stephanie",
      "last_name": "Simmons",
      "academic_degree": "J.D.",
      "email": "johnstephens@hotmail.com",
      "telephone": "80831052805860"
    }
  },
  {
    "model": "teachers.teacher",
    "pk": 603,
    "fields": {
      "first_name": "Terrance",
      "last_name": "Crawford",
      "academic_degree": null,
      "email": "dawnbowman@lopez.com",
      "telephone": "15327260431"
    }
  },
  {
    "model": "teachers.teacher",
    "pk": 605,
    "fields": {
      "first_name": "Oxana",
      "last_name": "Smeshko",
      "academic_degree": "Ph.D",
      "email": "oxy@gmail.com",
      "telephone": "543566"
    }
  },
  {
    "model": "teachers.teacher",
    "pk": 606,
    "fields": {
      "first_name": "Igor",
      "last_name": "Vasiliev",
      "academic_degree": "M.D.",
      "email": "asdsad@gmail.com",
      "telephone": "543522"
    }
  },
  {
    "model": "teachers.teacher",
    "pk": 607,
    "fields": {
      "first_name": "Karen",
      "last_name": "Henderson",
      "academic_degree": "J.D.",
      "email": "phicks@stewart.com",
      "telephone": "5104705620"
    }
  },
  {
    "model": "teachers.teacher",
    "pk": 608,
    "fields": {
      "first_name": "Christina",
      "last_name": "Kidd",
      "academic_degree": "Ph.D",
      "email": "larry97@rodriguez.com",
      "telephone": "5209902379"
    }
  },
  {
    "model": "teachers.teacher",
    "pk": 609,
    "fields": {
      "first_name": "Lisa",
      "last_name": "Fisher",
      "academic_degree": "M.D",
      "email": "xwatson@gmail.com",
      "telephone": "8333927772"
    }
  },
  {
    "model": "teachers.teacher",
    "pk": 610,
    "fields": {
      "first_name": "Robert",
      "last_name": "Harris",
      "academic_degree": "M.D",
      "email": "castrokara@walker.info",
      "telephone": "5143930981"
    }
  },
  {
    "model": "teachers.teacher",
    "pk": 611,
    "fields": {
      "first_name": "Jose",
      "last_name": "Nguyen",
      "academic_degree": "M.D",
      "email": "angela78@wang.biz",
      "telephone": "14840566956759"
    }
  },
  {
    "model": "teachers.teacher",
    "pk": 612,
    "fields": {
      "first_name": "Parker",
      "last_name": "Reynolds",
      "academic_degree": "Ph.D",
      "email": "danielsmith@blair.org",
      "telephone": "001883281601204590"
    }
  },
  {
    "model": "teachers.teacher",
    "pk": 613,
    "fields": {
      "first_name": "John",
      "last_name": "Floyd",
      "academic_degree": "Master",
      "email": "crystal76@yahoo.com",
      "telephone": "199712351712303"
    }
  },
  {
    "model": "teachers.teacher",
    "pk": 614,
    "fields": {
      "first_name": "Jennifer",
      "last_name": "Maynard",
      "academic_degree": "J.D.",
      "email": "gbrown@romero.com",
      "telephone": "7304954117311"
    }
  },
  {
    "model": "teachers.teacher",
    "pk": 615,
    "fields": {
      "first_name": "Shawn",
      "last_name": "Campbell",
      "academic_degree": "Master",
      "email": "hollymoran@ochoa.com",
      "telephone": "795963397989119"
    }
  },
  {
    "model": "teachers.teacher",
    "pk": 616,
    "fields": {
      "first_name": "John",
      "last_name": "Mcdonald",
      "academic_degree": "M.D",
      "email": "gregory36@yahoo.com",
      "telephone": "0018307333238"
    }
  },
  {
    "model": "teachers.teacher",
    "pk": 617,
    "fields": {
      "first_name": "Brett",
      "last_name": "Walker",
      "academic_degree": "J.D.",
      "email": "michelecruz@hotmail.com",
      "telephone": "0483895168"
    }
  },
  {
    "model": "teachers.teacher",
    "pk": 618,
    "fields": {
      "first_name": "Kevin",
      "last_name": "Porter",
      "academic_degree": "M.D",
      "email": "davidharris@mcdowell.com",
      "telephone": "490919812966805"
    }
  },
  {
    "model": "teachers.teacher",
    "pk": 619,
    "fields": {
      "first_name": "Jennifer",
      "last_name": "Steele",
      "academic_degree": "J.D.",
      "email": "rosefreeman@yahoo.com",
      "telephone": "7679386566"
    }
  },
  {
    "model": "teachers.teacher",
    "pk": 620,
    "fields": {
      "first_name": "Eric",
      "last_name": "Mitchell",
      "academic_degree": "M.D",
      "email": "nford@yahoo.com",
      "telephone": "6724903897"
    }
  },
  {
    "model": "teachers.teacher",
    "pk": 621,
    "fields": {
      "first_name": "Tonya",
      "last_name": "Garcia",
      "academic_degree": "Ph.D",
      "email": "wibarra@alexander-bell.net",
      "telephone": "0230581226"
    }
  },
  {
    "model": "teachers.teacher",
    "pk": 622,
    "fields": {
      "first_name": "Shelley",
      "last_name": "Clarke",
      "academic_degree": "Master",
      "email": "victor35@parsons-white.org",
      "telephone": "12523638595212"
    }
  },
  {
    "model": "teachers.teacher",
    "pk": 623,
    "fields": {
      "first_name": "Diane",
      "last_name": "Miller",
      "academic_degree": "M.D",
      "email": "carrillojeffrey@hotmail.com",
      "telephone": "47791328275537"
    }
  },
  {
    "model": "teachers.teacher",
    "pk": 624,
    "fields": {
      "first_name": "Patrick",
      "last_name": "Nelson",
      "academic_degree": "M.D",
      "email": "josephorozco@gmail.com",
      "telephone": "583929430094208"
    }
  },
  {
    "model": "teachers.teacher",
    "pk": 625,
    "fields": {
      "first_name": "Michele",
      "last_name": "White",
      "academic_degree": "J.D.",
      "email": "xstewart@johnson.com",
      "telephone": "22818801812614"
    }
  },
  {
    "model": "teachers.teacher",
    "pk": 626,
    "fields": {
      "first_name": "Drew",
      "last_name": "Nguyen",
      "academic_degree": "M.D",
      "email": "smithjustin@yahoo.com",
      "telephone": "06060236452732"
    }
  },
  {
    "model": "teachers.teacher",
    "pk": 627,
    "fields": {
      "first_name": "Robert",
      "last_name": "Johns",
      "academic_degree": "Ph.D",
      "email": "jessica30@yahoo.com",
      "telephone": "3504399296"
    }
  },
  {
    "model": "teachers.teacher",
    "pk": 628,
    "fields": {
      "first_name": "William",
      "last_name": "Evans",
      "academic_degree": "J.D.",
      "email": "vincentdaniel@stafford.com",
      "telephone": "0010388388818"
    }
  },
  {
    "model": "teachers.teacher",
    "pk": 629,
    "fields": {
      "first_name": "Donna",
      "last_name": "Phillips",
      "academic_degree": "M.D",
      "email": "edennis@yahoo.com",
      "telephone": "7520278755"
    }
  },
  {
    "model": "teachers.teacher",
    "pk": 630,
    "fields": {
      "first_name": "Holly",
      "last_name": "Brooks",
      "academic_degree": "J.D.",
      "email": "davisnicole@williams.com",
      "telephone": "18710509096"
    }
  },
  {
    "model": "teachers.teacher",
    "pk": 631,
    "fields": {
      "first_name": "John",
      "last_name": "Brown",
      "academic_degree": "Master",
      "email": "anthony39@hill.com",
      "telephone": "38370248173359"
    }
  },
  {
    "model": "teachers.teacher",
    "pk": 632,
    "fields": {
      "first_name": "Kelsey",
      "last_name": "Baker",
      "academic_degree": "J.D.",
      "email": "megansimmons@williams.com",
      "telephone": "0010071331884564"
    }
  },
  {
    "model": "teachers.teacher",
    "pk": 633,
    "fields": {
      "first_name": "Cole",
      "last_name": "Krause",
      "academic_degree": "Ph.D",
      "email": "ryanlittle@wang.com",
      "telephone": "17458231183936"
    }
  },
  {
    "model": "teachers.teacher",
    "pk": 634,
    "fields": {
      "first_name": "Patricia",
      "last_name": "Caldwell",
      "academic_degree": "J.D.",
      "email": "carla50@scott.com",
      "telephone": "0132930263"
    }
  },
  {
    "model": "teachers.teacher",
    "pk": 635,
    "fields": {
      "first_name": "Karen",
      "last_name": "Cummings",
      "academic_degree": "M.D",
      "email": "taylornicole@brown.com",
      "telephone": "13744153377"
    }
  },
  {
    "model": "teachers.teacher",
    "pk": 636,
    "fields": {
      "first_name": "Samuel",
      "last_name": "Roberts",
      "academic_degree": "M.D",
      "email": "mejiaaustin@hotmail.com",
      "telephone": "6941253768"
    }
  },
  {
    "model": "teachers.teacher",
    "pk": 637,
    "fields": {
      "first_name": "Melissa",
      "last_name": "Juarez",
      "academic_degree": "Ph.D",
      "email": "jacksonbriana@patel-mcdaniel.net",
      "telephone": "001404696018058418"
    }
  },
  {
    "model": "teachers.teacher",
    "pk": 638,
    "fields": {
      "first_name": "Jacqueline",
      "last_name": "Bryant",
      "academic_degree": "J.D.",
      "email": "greenamy@gmail.com",
      "telephone": "2781599363"
    }
  },
  {
    "model": "teachers.teacher",
    "pk": 639,
    "fields": {
      "first_name": "Tyler",
      "last_name": "Schmidt",
      "academic_degree": "Master",
      "email": "arnoldnichole@murphy.info",
      "telephone": "1803838339156072"
    }
  },
  {
    "model": "teachers.teacher",
    "pk": 640,
    "fields": {
      "first_name": "Philip",
      "last_name": "Simpson",
      "academic_degree": "J.D.",
      "email": "xmorris@hotmail.com",
      "telephone": "5386968527"
    }
  },
  {
    "model": "teachers.teacher",
    "pk": 641,
    "fields": {
      "first_name": "Jessica",
      "last_name": "Cline",
      "academic_degree": "M.D",
      "email": "lewismargaret@mcguire-parks.info",
      "telephone": "7205963853"
    }
  },
  {
    "model": "teachers.teacher",
    "pk": 642,
    "fields": {
      "first_name": "Kayla",
      "last_name": "Brown",
      "academic_degree": "Ph.D",
      "email": "jasmine68@ramirez.com",
      "telephone": "3830859920"
    }
  },
  {
    "model": "teachers.teacher",
    "pk": 643,
    "fields": {
      "first_name": "Joshua",
      "last_name": "Fisher",
      "academic_degree": "M.D",
      "email": "madison62@guerrero.biz",
      "telephone": "1086598108"
    }
  },
  {
    "model": "teachers.teacher",
    "pk": 644,
    "fields": {
      "first_name": "Christina",
      "last_name": "Arnold",
      "academic_degree": "J.D.",
      "email": "larry97@rodriguez.co",
      "telephone": "6073190055"
    }
  },
  {
    "model": "teachers.teacher",
    "pk": 645,
    "fields": {
      "first_name": "Courtney",
      "last_name": "Chambers",
      "academic_degree": "M.D",
      "email": "tuckerrachael@garcia.com",
      "telephone": "021052884160994"
    }
  },
  {
    "model": "teachers.teacher",
    "pk": 646,
    "fields": {
      "first_name": "Tim",
      "last_name": "Kennedy",
      "academic_degree": "Ph.D",
      "email": "hayden84@gmail.com",
      "telephone": "18036393187805"
    }
  },
  {
    "model": "teachers.teacher",
    "pk": 647,
    "fields": {
      "first_name": "Kimberly",
      "last_name": "Marshall",
      "academic_degree": "J.D.",
      "email": "barneskenneth@reed.com",
      "telephone": "91798489339413"
    }
  },
  {
    "model": "teachers.teacher",
    "pk": 648,
    "fields": {
      "first_name": "Lindsey",
      "last_name": "Lee",
      "academic_degree": "M.D",
      "email": "paulaparker@gmail.com",
      "telephone": "7309179150028"
    }
  },
  {
    "model": "teachers.teacher",
    "pk": 649,
    "fields": {
      "first_name": "Joseph",
      "last_name": "Davis",
      "academic_degree": "M.D",
      "email": "collinsrichard@riley.com",
      "telephone": "96174068506593"
    }
  },
  {
    "model": "teachers.teacher",
    "pk": 650,
    "fields": {
      "first_name": "Jamie",
      "last_name": "Medina",
      "academic_degree": "J.D.",
      "email": "danielle74@ward.com",
      "telephone": "016940316865489"
    }
  },
  {
    "model": "teachers.teacher",
    "pk": 651,
    "fields": {
      "first_name": "Margaret",
      "last_name": "Howe",
      "academic_degree": "Master",
      "email": "martinezrhonda@hotmail.com",
      "telephone": "00116076139262984"
    }
  },
  {
    "model": "teachers.teacher",
    "pk": 652,
    "fields": {
      "first_name": "Elizabeth",
      "last_name": "Miller",
      "academic_degree": "Master",
      "email": "crystal02@gmail.com",
      "telephone": "1360202424103"
    }
  },
  {
    "model": "teachers.teacher",
    "pk": 653,
    "fields": {
      "first_name": "Elizabeth",
      "last_name": "Acosta",
      "academic_degree": "M.D",
      "email": "walkerangela@murphy.com",
      "telephone": "4118917491"
    }
  },
  {
    "model": "teachers.teacher",
    "pk": 654,
    "fields": {
      "first_name": "Jonathan",
      "last_name": "Young",
      "academic_degree": "M.D",
      "email": "harmonkelsey@owens-taylor.com",
      "telephone": "584921182768915"
    }
  },
  {
    "model": "teachers.teacher",
    "pk": 655,
    "fields": {
      "first_name": "Madeline",
      "last_name": "Miranda",
      "academic_degree": "Master",
      "email": "gonzalesmichael@yahoo.com",
      "telephone": "12238616005"
    }
  },
  {
    "model": "teachers.teacher",
    "pk": 656,
    "fields": {
      "first_name": "Jeffrey",
      "last_name": "Miller",
      "academic_degree": "J.D.",
      "email": "hendersonnathan@raymond-kent.net",
      "telephone": "8952807315534"
    }
  },
  {
    "model": "teachers.teacher",
    "pk": 657,
    "fields": {
      "first_name": "Jon",
      "last_name": "King",
      "academic_degree": "J.D.",
      "email": "zcampbell@yahoo.com",
      "telephone": "4635149586914"
    }
  },
  {
    "model": "teachers.teacher",
    "pk": 658,
    "fields": {
      "first_name": "Victoria",
      "last_name": "Nguyen",
      "academic_degree": "M.D",
      "email": "rodgersdrew@hotmail.com",
      "telephone": "91006935138264"
    }
  },
  {
    "model": "teachers.teacher",
    "pk": 659,
    "fields": {
      "first_name": "Richard",
      "last_name": "Hamilton",
      "academic_degree": "J.D.",
      "email": "perryjulie@martinez.com",
      "telephone": "5858654732"
    }
  },
  {
    "model": "teachers.teacher",
    "pk": 660,
    "fields": {
      "first_name": "Walter",
      "last_name": "Melton",
      "academic_degree": "Master",
      "email": "stephaniemurphy@delacruz.net",
      "telephone": "6605134332"
    }
  },
  {
    "model": "teachers.teacher",
    "pk": 661,
    "fields": {
      "first_name": "Ricky",
      "last_name": "Hickman",
      "academic_degree": "Master",
      "email": "jamiealvarez@gmail.com",
      "telephone": "16596832530"
    }
  },
  {
    "model": "teachers.teacher",
    "pk": 662,
    "fields": {
      "first_name": "Fred",
      "last_name": "Moore",
      "academic_degree": "J.D.",
      "email": "reneemartinez@rodriguez.net",
      "telephone": "3878173367"
    }
  },
  {
    "model": "teachers.teacher",
    "pk": 663,
    "fields": {
      "first_name": "Sherri",
      "last_name": "York",
      "academic_degree": "Master",
      "email": "rbass@hotmail.com",
      "telephone": "3452666587"
    }
  },
  {
    "model": "teachers.teacher",
    "pk": 664,
    "fields": {
      "first_name": "Jeffery",
      "last_name": "Crawford",
      "academic_degree": "M.D",
      "email": "hcarroll@jenkins-wagner.com",
      "telephone": "0847325552654"
    }
  },
  {
    "model": "teachers.teacher",
    "pk": 665,
    "fields": {
      "first_name": "Janet",
      "last_name": "Padilla",
      "academic_degree": "Master",
      "email": "hsmith@hotmail.com",
      "telephone": "6695722227"
    }
  },
  {
    "model": "teachers.teacher",
    "pk": 666,
    "fields": {
      "first_name": "Stacey",
      "last_name": "Shaw",
      "academic_degree": "J.D.",
      "email": "mvargas@stevens.org",
      "telephone": "7331102748"
    }
  },
  {
    "model": "teachers.teacher",
    "pk": 667,
    "fields": {
      "first_name": "Erin",
      "last_name": "Reynolds",
      "academic_degree": "Ph.D",
      "email": "andrew61@hotmail.com",
      "telephone": "19984795894546"
    }
  },
  {
    "model": "teachers.teacher",
    "pk": 668,
    "fields": {
      "first_name": "Nathan",
      "last_name": "Wagner",
      "academic_degree": "Master",
      "email": "jimenezamber@hurley.net",
      "telephone": "9724352379517"
    }
  },
  {
    "model": "teachers.teacher",
    "pk": 669,
    "fields": {
      "first_name": "David",
      "last_name": "Castaneda",
      "academic_degree": "J.D.",
      "email": "ashleysolomon@yahoo.com",
      "telephone": "3312757737"
    }
  },
  {
    "model": "teachers.teacher",
    "pk": 670,
    "fields": {
      "first_name": "Kristin",
      "last_name": "Edwards",
      "academic_degree": "M.D",
      "email": "sarah42@walker-jackson.biz",
      "telephone": "6824893221857"
    }
  },
  {
    "model": "teachers.teacher",
    "pk": 671,
    "fields": {
      "first_name": "Joseph",
      "last_name": "Henderson",
      "academic_degree": "J.D.",
      "email": "benjamin59@sloan-padilla.com",
      "telephone": "36080024507251"
    }
  },
  {
    "model": "teachers.teacher",
    "pk": 672,
    "fields": {
      "first_name": "Caleb",
      "last_name": "Cordova",
      "academic_degree": "J.D.",
      "email": "lindseyrogers@yahoo.com",
      "telephone": "6457821044"
    }
  },
  {
    "model": "teachers.teacher",
    "pk": 673,
    "fields": {
      "first_name": "Amber",
      "last_name": "Smith",
      "academic_degree": "M.D",
      "email": "dwaynejohnson@hotmail.com",
      "telephone": "9678389490"
    }
  },
  {
    "model": "teachers.teacher",
    "pk": 674,
    "fields": {
      "first_name": "Nicole",
      "last_name": "Mckenzie",
      "academic_degree": "Ph.D",
      "email": "pdavis@yahoo.com",
      "telephone": "42528634440599"
    }
  },
  {
    "model": "teachers.teacher",
    "pk": 675,
    "fields": {
      "first_name": "Christina",
      "last_name": "Wilson",
      "academic_degree": "Ph.D",
      "email": "vmitchell@nelson-arnold.com",
      "telephone": "07955668086714"
    }
  },
  {
    "model": "teachers.teacher",
    "pk": 676,
    "fields": {
      "first_name": "Alejandro",
      "last_name": "Jensen",
      "academic_degree": "J.D.",
      "email": "igarza@hotmail.com",
      "telephone": "7527378298"
    }
  },
  {
    "model": "teachers.teacher",
    "pk": 677,
    "fields": {
      "first_name": "Julie",
      "last_name": "Parker",
      "academic_degree": "J.D.",
      "email": "shelia63@yahoo.com",
      "telephone": "919257594075144"
    }
  },
  {
    "model": "teachers.teacher",
    "pk": 678,
    "fields": {
      "first_name": "Benjamin",
      "last_name": "Watson",
      "academic_degree": "Master",
      "email": "watsondominique@wiggins.com",
      "telephone": "1807360531884764"
    }
  },
  {
    "model": "teachers.teacher",
    "pk": 679,
    "fields": {
      "first_name": "Tami",
      "last_name": "Callahan",
      "academic_degree": "J.D.",
      "email": "shannonweaver@yahoo.com",
      "telephone": "129143609169188"
    }
  },
  {
    "model": "teachers.teacher",
    "pk": 680,
    "fields": {
      "first_name": "Robert",
      "last_name": "Lawrence",
      "academic_degree": "Ph.D",
      "email": "escobarariana@yahoo.com",
      "telephone": "0645957934"
    }
  },
  {
    "model": "teachers.teacher",
    "pk": 681,
    "fields": {
      "first_name": "Cody",
      "last_name": "Stephens",
      "academic_degree": "J.D.",
      "email": "conradsusan@gmail.com",
      "telephone": "1421025933"
    }
  },
  {
    "model": "teachers.teacher",
    "pk": 682,
    "fields": {
      "first_name": "Amber",
      "last_name": "King",
      "academic_degree": "M.D",
      "email": "srodriguez@yahoo.com",
      "telephone": "1092782650308155"
    }
  },
  {
    "model": "teachers.teacher",
    "pk": 683,
    "fields": {
      "first_name": "James",
      "last_name": "Blake",
      "academic_degree": "Ph.D",
      "email": "uwatson@horton.com",
      "telephone": "78069293716029"
    }
  },
  {
    "model": "teachers.teacher",
    "pk": 684,
    "fields": {
      "first_name": "Jason",
      "last_name": "Hodge",
      "academic_degree": "J.D.",
      "email": "hcampbell@gmail.com",
      "telephone": "7973691102"
    }
  },
  {
    "model": "teachers.teacher",
    "pk": 685,
    "fields": {
      "first_name": "William",
      "last_name": "Brown",
      "academic_degree": "J.D.",
      "email": "sharon46@gmail.com",
      "telephone": "1606548051268923"
    }
  },
  {
    "model": "teachers.teacher",
    "pk": 686,
    "fields": {
      "first_name": "Kelly",
      "last_name": "Herman",
      "academic_degree": "Ph.D",
      "email": "fmoon@rivera.net",
      "telephone": "8709167028"
    }
  },
  {
    "model": "teachers.teacher",
    "pk": 687,
    "fields": {
      "first_name": "Alan",
      "last_name": "Hardy",
      "academic_degree": "M.D",
      "email": "ruthherman@yahoo.com",
      "telephone": "107893981962007"
    }
  },
  {
    "model": "teachers.teacher",
    "pk": 688,
    "fields": {
      "first_name": "Jacob",
      "last_name": "Hernandez",
      "academic_degree": "M.D",
      "email": "heatherdavid@gmail.com",
      "telephone": "8136262124"
    }
  },
  {
    "model": "teachers.teacher",
    "pk": 689,
    "fields": {
      "first_name": "Chad",
      "last_name": "Callahan",
      "academic_degree": "Master",
      "email": "karen94@yahoo.com",
      "telephone": "0018112439440697"
    }
  },
  {
    "model": "teachers.teacher",
    "pk": 690,
    "fields": {
      "first_name": "Jeffrey",
      "last_name": "Grant",
      "academic_degree": "Ph.D",
      "email": "donnagreen@deleon.com",
      "telephone": "154785431682307"
    }
  },
  {
    "model": "teachers.teacher",
    "pk": 691,
    "fields": {
      "first_name": "Michael",
      "last_name": "Lloyd",
      "academic_degree": "Master",
      "email": "briggskathryn@yahoo.com",
      "telephone": "4853868952"
    }
  },
  {
    "model": "teachers.teacher",
    "pk": 692,
    "fields": {
      "first_name": "Andrew",
      "last_name": "Carter",
      "academic_degree": "Master",
      "email": "jocelynmartinez@yahoo.com",
      "telephone": "3500779526"
    }
  },
  {
    "model": "teachers.teacher",
    "pk": 693,
    "fields": {
      "first_name": "Anna",
      "last_name": "Perez",
      "academic_degree": "Ph.D",
      "email": "castanedajenny@hotmail.com",
      "telephone": "2746693698"
    }
  },
  {
    "model": "teachers.teacher",
    "pk": 694,
    "fields": {
      "first_name": "Eric",
      "last_name": "Dickerson",
      "academic_degree": "M.D",
      "email": "kboyer@gmail.com",
      "telephone": "0017842128392049"
    }
  },
  {
    "model": "teachers.teacher",
    "pk": 695,
    "fields": {
      "first_name": "Peter",
      "last_name": "Gutierrez",
      "academic_degree": "Ph.D",
      "email": "alicialutz@gmail.com",
      "telephone": "9608454403"
    }
  },
  {
    "model": "teachers.teacher",
    "pk": 696,
    "fields": {
      "first_name": "Janet",
      "last_name": "Bennett",
      "academic_degree": "Ph.D",
      "email": "brentoneal@chen.org",
      "telephone": "15125548374"
    }
  },
  {
    "model": "teachers.teacher",
    "pk": 697,
    "fields": {
      "first_name": "Troy",
      "last_name": "Gonzalez",
      "academic_degree": "M.D",
      "email": "bbates@gmail.com",
      "telephone": "7191333067"
    }
  },
  {
    "model": "teachers.teacher",
    "pk": 698,
    "fields": {
      "first_name": "Bruce",
      "last_name": "Parker",
      "academic_degree": "Ph.D",
      "email": "andrademargaret@gmail.com",
      "telephone": "0013011955719830"
    }
  },
  {
    "model": "teachers.teacher",
    "pk": 699,
    "fields": {
      "first_name": "Cathy",
      "last_name": "Palmer",
      "academic_degree": "M.D",
      "email": "amiller@doyle.com",
      "telephone": "536045040476861"
    }
  },
  {
    "model": "teachers.teacher",
    "pk": 700,
    "fields": {
      "first_name": "Jack",
      "last_name": "Sloan",
      "academic_degree": "M.D",
      "email": "mackenzie46@rasmussen.biz",
      "telephone": "001370016364712650"
    }
  },
  {
    "model": "teachers.teacher",
    "pk": 701,
    "fields": {
      "first_name": "Jessica",
      "last_name": "Kim",
      "academic_degree": "M.D",
      "email": "matthewbryant@hotmail.com",
      "telephone": "1532228139"
    }
  },
  {
    "model": "teachers.teacher",
    "pk": 702,
    "fields": {
      "first_name": "Shane",
      "last_name": "Chan",
      "academic_degree": "J.D.",
      "email": "tschaefer@yahoo.com",
      "telephone": "6387725497149"
    }
  },
  {
    "model": "teachers.teacher",
    "pk": 703,
    "fields": {
      "first_name": "Heather",
      "last_name": "Graham",
      "academic_degree": "Master",
      "email": "hardywilliam@bird.info",
      "telephone": "0443623724"
    }
  },
  {
    "model": "teachers.teacher",
    "pk": 704,
    "fields": {
      "first_name": "Darlene",
      "last_name": "Hernandez",
      "academic_degree": "J.D.",
      "email": "amy62@mann-schroeder.com",
      "telephone": "1144051749176"
    }
  },
  {
    "model": "teachers.teacher",
    "pk": 705,
    "fields": {
      "first_name": "Dylan",
      "last_name": "Ramirez",
      "academic_degree": "Ph.D",
      "email": "asanders@yahoo.com",
      "telephone": "7551044855"
    }
  },
  {
    "model": "teachers.teacher",
    "pk": 706,
    "fields": {
      "first_name": "Matthew",
      "last_name": "Esparza",
      "academic_degree": "Master",
      "email": "bethany89@yahoo.com",
      "telephone": "2105314375"
    }
  },
  {
    "model": "teachers.teacher",
    "pk": 707,
    "fields": {
      "first_name": "Margaret",
      "last_name": "Hayes",
      "academic_degree": "M.D",
      "email": "stephanie95@yahoo.com",
      "telephone": "4048899046"
    }
  },
  {
    "model": "teachers.teacher",
    "pk": 708,
    "fields": {
      "first_name": "Mackenzie",
      "last_name": "Wong",
      "academic_degree": "M.D",
      "email": "leslie22@hotmail.com",
      "telephone": "8196835678"
    }
  },
  {
    "model": "teachers.teacher",
    "pk": 709,
    "fields": {
      "first_name": "Kristie",
      "last_name": "Huynh",
      "academic_degree": "J.D.",
      "email": "ishields@jackson.org",
      "telephone": "001789192042124195"
    }
  },
  {
    "model": "teachers.teacher",
    "pk": 710,
    "fields": {
      "first_name": "Stephanie",
      "last_name": "Valdez",
      "academic_degree": "Master",
      "email": "wbrown@scott.com",
      "telephone": "0016864094959"
    }
  },
  {
    "model": "teachers.teacher",
    "pk": 711,
    "fields": {
      "first_name": "Allen",
      "last_name": "Rios",
      "academic_degree": "J.D.",
      "email": "dbeck@yahoo.com",
      "telephone": "154187854788160"
    }
  },
  {
    "model": "teachers.teacher",
    "pk": 712,
    "fields": {
      "first_name": "Denise",
      "last_name": "Andersen",
      "academic_degree": "Ph.D",
      "email": "samanthasosa@hotmail.com",
      "telephone": "5812113120"
    }
  },
  {
    "model": "teachers.teacher",
    "pk": 713,
    "fields": {
      "first_name": "Molly",
      "last_name": "Wong",
      "academic_degree": "Master",
      "email": "masonmichael@gmail.com",
      "telephone": "23912309356272"
    }
  },
  {
    "model": "teachers.teacher",
    "pk": 714,
    "fields": {
      "first_name": "Katie",
      "last_name": "Fernandez",
      "academic_degree": "Ph.D",
      "email": "swilliams@gmail.com",
      "telephone": "0011805925241197"
    }
  },
  {
    "model": "teachers.teacher",
    "pk": 715,
    "fields": {
      "first_name": "Dsaad",
      "last_name": "Gdfgfdsg",
      "academic_degree": "Master",
      "email": "dfdsfds@gfdg.com",
      "telephone": "436261"
    }
  },
  {
    "model": "teachers.teacher",
    "pk": 716,
    "fields": {
      "first_name": "Daswqewqefdsffdsf",
      "last_name": "Fdsafd",
      "academic_degree": "J.D.",
      "email": "aasdsa@fdsf.ccss",
      "telephone": "12321312"
    }
  },
  {
    "model": "teachers.teacher",
    "pk": 717,
    "fields": {
      "first_name": "Valera",
      "last_name": "Malera",
      "academic_degree": "Master",
      "email": "dyadya@gmail.com",
      "telephone": "3257324324"
    }
  },
  {
    "model": "auth.permission",
    "pk": 1,
    "fields": {
      "name": "Can add log entry",
      "content_type": 1,
      "codename": "add_logentry"
    }
  },
  {
    "model": "auth.permission",
    "pk": 2,
    "fields": {
      "name": "Can change log entry",
      "content_type": 1,
      "codename": "change_logentry"
    }
  },
  {
    "model": "auth.permission",
    "pk": 3,
    "fields": {
      "name": "Can delete log entry",
      "content_type": 1,
      "codename": "delete_logentry"
    }
  },
  {
    "model": "auth.permission",
    "pk": 4,
    "fields": {
      "name": "Can view log entry",
      "content_type": 1,
      "codename": "view_logentry"
    }
  },
  {
    "model": "auth.permission",
    "pk": 5,
    "fields": {
      "name": "Can add permission",
      "content_type": 2,
      "codename": "add_permission"
    }
  },
  {
    "model": "auth.permission",
    "pk": 6,
    "fields": {
      "name": "Can change permission",
      "content_type": 2,
      "codename": "change_permission"
    }
  },
  {
    "model": "auth.permission",
    "pk": 7,
    "fields": {
      "name": "Can delete permission",
      "content_type": 2,
      "codename": "delete_permission"
    }
  },
  {
    "model": "auth.permission",
    "pk": 8,
    "fields": {
      "name": "Can view permission",
      "content_type": 2,
      "codename": "view_permission"
    }
  },
  {
    "model": "auth.permission",
    "pk": 9,
    "fields": {
      "name": "Can add group",
      "content_type": 3,
      "codename": "add_group"
    }
  },
  {
    "model": "auth.permission",
    "pk": 10,
    "fields": {
      "name": "Can change group",
      "content_type": 3,
      "codename": "change_group"
    }
  },
  {
    "model": "auth.permission",
    "pk": 11,
    "fields": {
      "name": "Can delete group",
      "content_type": 3,
      "codename": "delete_group"
    }
  },
  {
    "model": "auth.permission",
    "pk": 12,
    "fields": {
      "name": "Can view group",
      "content_type": 3,
      "codename": "view_group"
    }
  },
  {
    "model": "auth.permission",
    "pk": 13,
    "fields": {
      "name": "Can add user",
      "content_type": 4,
      "codename": "add_user"
    }
  },
  {
    "model": "auth.permission",
    "pk": 14,
    "fields": {
      "name": "Can change user",
      "content_type": 4,
      "codename": "change_user"
    }
  },
  {
    "model": "auth.permission",
    "pk": 15,
    "fields": {
      "name": "Can delete user",
      "content_type": 4,
      "codename": "delete_user"
    }
  },
  {
    "model": "auth.permission",
    "pk": 16,
    "fields": {
      "name": "Can view user",
      "content_type": 4,
      "codename": "view_user"
    }
  },
  {
    "model": "auth.permission",
    "pk": 17,
    "fields": {
      "name": "Can add content type",
      "content_type": 5,
      "codename": "add_contenttype"
    }
  },
  {
    "model": "auth.permission",
    "pk": 18,
    "fields": {
      "name": "Can change content type",
      "content_type": 5,
      "codename": "change_contenttype"
    }
  },
  {
    "model": "auth.permission",
    "pk": 19,
    "fields": {
      "name": "Can delete content type",
      "content_type": 5,
      "codename": "delete_contenttype"
    }
  },
  {
    "model": "auth.permission",
    "pk": 20,
    "fields": {
      "name": "Can view content type",
      "content_type": 5,
      "codename": "view_contenttype"
    }
  },
  {
    "model": "auth.permission",
    "pk": 21,
    "fields": {
      "name": "Can add session",
      "content_type": 6,
      "codename": "add_session"
    }
  },
  {
    "model": "auth.permission",
    "pk": 22,
    "fields": {
      "name": "Can change session",
      "content_type": 6,
      "codename": "change_session"
    }
  },
  {
    "model": "auth.permission",
    "pk": 23,
    "fields": {
      "name": "Can delete session",
      "content_type": 6,
      "codename": "delete_session"
    }
  },
  {
    "model": "auth.permission",
    "pk": 24,
    "fields": {
      "name": "Can view session",
      "content_type": 6,
      "codename": "view_session"
    }
  },
  {
    "model": "auth.permission",
    "pk": 25,
    "fields": {
      "name": "Can add student",
      "content_type": 7,
      "codename": "add_student"
    }
  },
  {
    "model": "auth.permission",
    "pk": 26,
    "fields": {
      "name": "Can change student",
      "content_type": 7,
      "codename": "change_student"
    }
  },
  {
    "model": "auth.permission",
    "pk": 27,
    "fields": {
      "name": "Can delete student",
      "content_type": 7,
      "codename": "delete_student"
    }
  },
  {
    "model": "auth.permission",
    "pk": 28,
    "fields": {
      "name": "Can view student",
      "content_type": 7,
      "codename": "view_student"
    }
  },
  {
    "model": "auth.permission",
    "pk": 29,
    "fields": {
      "name": "Can add group",
      "content_type": 8,
      "codename": "add_group"
    }
  },
  {
    "model": "auth.permission",
    "pk": 30,
    "fields": {
      "name": "Can change group",
      "content_type": 8,
      "codename": "change_group"
    }
  },
  {
    "model": "auth.permission",
    "pk": 31,
    "fields": {
      "name": "Can delete group",
      "content_type": 8,
      "codename": "delete_group"
    }
  },
  {
    "model": "auth.permission",
    "pk": 32,
    "fields": {
      "name": "Can view group",
      "content_type": 8,
      "codename": "view_group"
    }
  },
  {
    "model": "auth.permission",
    "pk": 33,
    "fields": {
      "name": "Can add teacher",
      "content_type": 9,
      "codename": "add_teacher"
    }
  },
  {
    "model": "auth.permission",
    "pk": 34,
    "fields": {
      "name": "Can change teacher",
      "content_type": 9,
      "codename": "change_teacher"
    }
  },
  {
    "model": "auth.permission",
    "pk": 35,
    "fields": {
      "name": "Can delete teacher",
      "content_type": 9,
      "codename": "delete_teacher"
    }
  },
  {
    "model": "auth.permission",
    "pk": 36,
    "fields": {
      "name": "Can view teacher",
      "content_type": 9,
      "codename": "view_teacher"
    }
  },
  {
    "model": "auth.group",
    "pk": 1,
    "fields": {
      "name": "manager",
      "permissions": [
        26,
        28
      ]
    }
  },
  {
    "model": "auth.user",
    "pk": 1,
    "fields": {
      "password": "pbkdf2_sha256$150000$HcDAsGWhyLPt$blJpNM+Y0cReHPmNaqr9jD5Hp5G0zEitYiY/7kfu5SI=",
      "last_login": "2020-01-26T11:11:53.120Z",
      "is_superuser": true,
      "username": "ZenCrazyCat",
      "first_name": "",
      "last_name": "",
      "email": "zencrazycat@gmail.com",
      "is_staff": true,
      "is_active": true,
      "date_joined": "2020-01-23T17:36:27.462Z",
      "groups": [],
      "user_permissions": []
    }
  },
  {
    "model": "auth.user",
    "pk": 2,
    "fields": {
      "password": "pbkdf2_sha256$150000$KnvG8u5kSMqe$Fvr1YnzP8IELOSQnF3FLme7sZtI0Fir6jfuEBvCLPjg=",
      "last_login": "2020-01-23T18:38:43Z",
      "is_superuser": false,
      "username": "stuff@stuff.com",
      "first_name": "",
      "last_name": "",
      "email": "stuff@stuff.com",
      "is_staff": true,
      "is_active": true,
      "date_joined": "2020-01-23T18:37:36Z",
      "groups": [
        1
      ],
      "user_permissions": []
    }
  },
  {
    "model": "admin.logentry",
    "pk": 1,
    "fields": {
      "action_time": "2020-01-23T18:07:32.231Z",
      "user": 1,
      "content_type": 7,
      "object_id": "2004",
      "object_repr": "2004 Casey Peters",
      "action_flag": 2,
      "change_message": "[{\"changed\": {\"fields\": [\"birth_date\", \"address\"]}}]"
    }
  },
  {
    "model": "admin.logentry",
    "pk": 2,
    "fields": {
      "action_time": "2020-01-23T18:14:48.695Z",
      "user": 1,
      "content_type": 7,
      "object_id": "2004",
      "object_repr": "2004 Casey Peters",
      "action_flag": 2,
      "change_message": "[]"
    }
  },
  {
    "model": "admin.logentry",
    "pk": 3,
    "fields": {
      "action_time": "2020-01-23T18:37:37.076Z",
      "user": 1,
      "content_type": 4,
      "object_id": "2",
      "object_repr": "stuff@stuff.com",
      "action_flag": 1,
      "change_message": "[{\"added\": {}}]"
    }
  },
  {
    "model": "admin.logentry",
    "pk": 4,
    "fields": {
      "action_time": "2020-01-23T18:38:06.727Z",
      "user": 1,
      "content_type": 4,
      "object_id": "2",
      "object_repr": "stuff@stuff.com",
      "action_flag": 2,
      "change_message": "[{\"changed\": {\"fields\": [\"email\", \"is_staff\"]}}]"
    }
  },
  {
    "model": "admin.logentry",
    "pk": 5,
    "fields": {
      "action_time": "2020-01-23T18:44:16.401Z",
      "user": 1,
      "content_type": 3,
      "object_id": "1",
      "object_repr": "manager",
      "action_flag": 1,
      "change_message": "[{\"added\": {}}]"
    }
  },
  {
    "model": "admin.logentry",
    "pk": 6,
    "fields": {
      "action_time": "2020-01-23T18:44:32.329Z",
      "user": 1,
      "content_type": 4,
      "object_id": "2",
      "object_repr": "stuff@stuff.com",
      "action_flag": 2,
      "change_message": "[{\"changed\": {\"fields\": [\"groups\"]}}]"
    }
  },
  {
    "model": "admin.logentry",
    "pk": 7,
    "fields": {
      "action_time": "2020-01-23T18:57:40.896Z",
      "user": 2,
      "content_type": 7,
      "object_id": "2002",
      "object_repr": "2002 Joseph Jones",
      "action_flag": 2,
      "change_message": "[{\"changed\": {\"fields\": [\"address\"]}}]"
    }
  },
  {
    "model": "admin.logentry",
    "pk": 8,
    "fields": {
      "action_time": "2020-01-26T10:51:58.892Z",
      "user": 1,
      "content_type": 7,
      "object_id": "2005",
      "object_repr": "2005 dsasada asdsadsa",
      "action_flag": 1,
      "change_message": "[{\"added\": {}}]"
    }
  },
  {
    "model": "admin.logentry",
    "pk": 9,
    "fields": {
      "action_time": "2020-01-26T10:52:21.156Z",
      "user": 1,
      "content_type": 7,
      "object_id": "2006",
      "object_repr": "2006 dsadad cdsafsadf",
      "action_flag": 1,
      "change_message": "[{\"added\": {}}]"
    }
  },
  {
    "model": "admin.logentry",
    "pk": 10,
    "fields": {
      "action_time": "2020-01-26T10:54:53.510Z",
      "user": 1,
      "content_type": 7,
      "object_id": "2007",
      "object_repr": "2007 tretts asfdsf",
      "action_flag": 1,
      "change_message": "[{\"added\": {}}]"
    }
  },
  {
    "model": "admin.logentry",
    "pk": 11,
    "fields": {
      "action_time": "2020-01-26T10:56:36.828Z",
      "user": 1,
      "content_type": 7,
      "object_id": "2008",
      "object_repr": "2008 fdsfdsfdff fdsfdsf",
      "action_flag": 1,
      "change_message": "[{\"added\": {}}]"
    }
  },
  {
    "model": "admin.logentry",
    "pk": 12,
    "fields": {
      "action_time": "2020-01-26T10:58:20.462Z",
      "user": 1,
      "content_type": 7,
      "object_id": "2003",
      "object_repr": "2003 Elizabeth Donaldson",
      "action_flag": 2,
      "change_message": "[{\"changed\": {\"fields\": [\"email\", \"address\"]}}]"
    }
  },
  {
    "model": "admin.logentry",
    "pk": 13,
    "fields": {
      "action_time": "2020-01-26T10:59:55.083Z",
      "user": 1,
      "content_type": 7,
      "object_id": "2000",
      "object_repr": "2000 Blake King",
      "action_flag": 2,
      "change_message": "[{\"changed\": {\"fields\": [\"email\", \"address\"]}}]"
    }
  },
  {
    "model": "admin.logentry",
    "pk": 14,
    "fields": {
      "action_time": "2020-01-26T11:02:06.935Z",
      "user": 1,
      "content_type": 7,
      "object_id": "1998",
      "object_repr": "1998 Hannah Gomez",
      "action_flag": 2,
      "change_message": "[{\"changed\": {\"fields\": [\"email\", \"address\"]}}]"
    }
  },
  {
    "model": "admin.logentry",
    "pk": 15,
    "fields": {
      "action_time": "2020-01-26T11:39:06.121Z",
      "user": 1,
      "content_type": 7,
      "object_id": "1999",
      "object_repr": "1999 Kenneth Hodge",
      "action_flag": 2,
      "change_message": "[{\"changed\": {\"fields\": [\"email\"]}}]"
    }
  },
  {
    "model": "admin.logentry",
    "pk": 16,
    "fields": {
      "action_time": "2020-01-26T11:43:27.487Z",
      "user": 1,
      "content_type": 7,
      "object_id": "2004",
      "object_repr": "2004 Casey Peters",
      "action_flag": 2,
      "change_message": "[{\"changed\": {\"fields\": [\"email\"]}}]"
    }
  },
  {
    "model": "admin.logentry",
    "pk": 17,
    "fields": {
      "action_time": "2020-01-26T12:00:49.109Z",
      "user": 1,
      "content_type": 7,
      "object_id": "1995",
      "object_repr": "1995 Cesarss Henry",
      "action_flag": 2,
      "change_message": "[{\"changed\": {\"fields\": [\"first_name\"]}}]"
    }
  },
  {
    "model": "admin.logentry",
    "pk": 18,
    "fields": {
      "action_time": "2020-01-29T17:17:28.039Z",
      "user": 1,
      "content_type": 7,
      "object_id": "2009",
      "object_repr": "2009 Sarah Jones",
      "action_flag": 2,
      "change_message": "[{\"changed\": {\"fields\": [\"group\"]}}]"
    }
  },
  {
    "model": "admin.logentry",
    "pk": 19,
    "fields": {
      "action_time": "2020-01-29T17:35:27.143Z",
      "user": 1,
      "content_type": 7,
      "object_id": "2110",
      "object_repr": "2110 Kro Bro",
      "action_flag": 1,
      "change_message": "[{\"added\": {}}]"
    }
  },
  {
    "model": "admin.logentry",
    "pk": 20,
    "fields": {
      "action_time": "2020-01-29T17:36:23.461Z",
      "user": 1,
      "content_type": 8,
      "object_id": "223",
      "object_repr": "guys physics (curator: 3 Alex Smalex)",
      "action_flag": 1,
      "change_message": "[{\"added\": {}}]"
    }
  },
  {
    "model": "admin.logentry",
    "pk": 21,
    "fields": {
      "action_time": "2020-01-29T17:49:16.106Z",
      "user": 1,
      "content_type": 7,
      "object_id": "2110",
      "object_repr": "2110 Kro Bro",
      "action_flag": 2,
      "change_message": "[{\"changed\": {\"fields\": [\"group\"]}}]"
    }
  },
  {
    "model": "admin.logentry",
    "pk": 22,
    "fields": {
      "action_time": "2020-01-29T17:49:31.434Z",
      "user": 1,
      "content_type": 9,
      "object_id": "403",
      "object_repr": "3 Alex Smalex",
      "action_flag": 2,
      "change_message": "[]"
    }
  },
  {
    "model": "admin.logentry",
    "pk": 23,
    "fields": {
      "action_time": "2020-01-29T18:04:24.318Z",
      "user": 1,
      "content_type": 9,
      "object_id": "603",
      "object_repr": "None Terrance Crawford",
      "action_flag": 2,
      "change_message": "[{\"changed\": {\"fields\": [\"academic_degree\"]}}]"
    }
  },
  {
    "model": "admin.logentry",
    "pk": 24,
    "fields": {
      "action_time": "2020-01-29T18:04:45.813Z",
      "user": 1,
      "content_type": 7,
      "object_id": "2310",
      "object_repr": "2310 Rhonda Jones",
      "action_flag": 2,
      "change_message": "[{\"changed\": {\"fields\": [\"address\"]}}]"
    }
  },
  {
    "model": "admin.logentry",
    "pk": 25,
    "fields": {
      "action_time": "2020-01-29T19:01:35.489Z",
      "user": 1,
      "content_type": 9,
      "object_id": "604",
      "object_repr": "2 hosy Rosy",
      "action_flag": 1,
      "change_message": "[{\"added\": {}}]"
    }
  },
  {
    "model": "admin.logentry",
    "pk": 26,
    "fields": {
      "action_time": "2020-01-29T19:14:00.816Z",
      "user": 1,
      "content_type": 7,
      "object_id": "2311",
      "object_repr": "2311 Vasiliy Pyatkin",
      "action_flag": 1,
      "change_message": "[{\"added\": {}}]"
    }
  },
  {
    "model": "admin.logentry",
    "pk": 27,
    "fields": {
      "action_time": "2020-01-29T19:17:58.456Z",
      "user": 1,
      "content_type": 9,
      "object_id": "605",
      "object_repr": "2 Oxana Smeshko",
      "action_flag": 1,
      "change_message": "[{\"added\": {}}]"
    }
  },
  {
    "model": "admin.logentry",
    "pk": 28,
    "fields": {
      "action_time": "2020-01-29T19:21:22.469Z",
      "user": 1,
      "content_type": 9,
      "object_id": "606",
      "object_repr": "4 Igor Vasiliev",
      "action_flag": 1,
      "change_message": "[{\"added\": {}}]"
    }
  },
  {
    "model": "admin.logentry",
    "pk": 29,
    "fields": {
      "action_time": "2020-01-29T19:26:46.400Z",
      "user": 1,
      "content_type": 9,
      "object_id": "714",
      "object_repr": "2 Katie Fernandez",
      "action_flag": 2,
      "change_message": "[{\"changed\": {\"fields\": [\"academic_degree\"]}}]"
    }
  },
  {
    "model": "admin.logentry",
    "pk": 30,
    "fields": {
      "action_time": "2020-01-29T19:51:44.908Z",
      "user": 1,
      "content_type": 9,
      "object_id": "715",
      "object_repr": "3 Dsaad Gdfgfdsg",
      "action_flag": 1,
      "change_message": "[{\"added\": {}}]"
    }
  }
]